i_eat_short_people_for_breakfast,Gary,6652,6672,16,14,9_19_21_durst_t_wang_ct_with_walls.dem,1,912,950,green
i_eat_short_people_for_breakfast,Michelle Obama,6652,6701,16,21,9_19_21_durst_t_wang_ct_with_walls.dem,1,912,1003,red
i_eat_short_people_for_breakfast,Martin,7118,7219,16,20,9_19_21_durst_t_wang_ct_with_walls.dem,1,1785,1974,redBlue
i_eat_short_people_for_breakfast,Chris,7397,7436,16,18,9_19_21_durst_t_wang_ct_with_walls.dem,1,2309,2381,blue
i_eat_short_people_for_breakfast,Chris,7455,7583,16,18,9_19_21_durst_t_wang_ct_with_walls.dem,1,2418,2657,blue
i_eat_short_people_for_breakfast,Michelle Obama,7658,7664,16,21,9_19_21_durst_t_wang_ct_with_walls.dem,1,2797,2808,red
i_eat_short_people_for_breakfast,Michelle Obama,7672,7693,16,21,9_19_21_durst_t_wang_ct_with_walls.dem,1,2823,2863,red
i_eat_short_people_for_breakfast,Michelle Obama,7705,7733,16,21,9_19_21_durst_t_wang_ct_with_walls.dem,1,2886,2939,red
i_eat_short_people_for_breakfast,Martin,10019,10236,16,20,9_19_21_durst_t_wang_ct_with_walls.dem,1,7225,7634,redBlue
i_eat_short_people_for_breakfast,Michelle Obama,10284,10344,16,21,9_19_21_durst_t_wang_ct_with_walls.dem,1,7721,7834,red
i_eat_short_people_for_breakfast,Michelle Obama,10376,10389,16,21,9_19_21_durst_t_wang_ct_with_walls.dem,1,7894,7918,red
i_eat_short_people_for_breakfast,Gary,10518,10533,16,14,9_19_21_durst_t_wang_ct_with_walls.dem,1,8162,8189,green
i_eat_short_people_for_breakfast,Chris,11012,11280,16,18,9_19_21_durst_t_wang_ct_with_walls.dem,1,9087,9590,blue
i_eat_short_people_for_breakfast,Martin,11117,11150,16,20,9_19_21_durst_t_wang_ct_with_walls.dem,1,9283,9346,redBlue
i_eat_short_people_for_breakfast,Martin,11178,11303,16,20,9_19_21_durst_t_wang_ct_with_walls.dem,1,9398,9631,redBlue
i_eat_short_people_for_breakfast,Gary,11231,11316,16,14,9_19_21_durst_t_wang_ct_with_walls.dem,1,9497,9656,green
i_eat_short_people_for_breakfast,Gary,11471,11582,16,14,9_19_21_durst_t_wang_ct_with_walls.dem,1,9947,10155,green
i_eat_short_people_for_breakfast,Martin,11481,11566,16,20,9_19_21_durst_t_wang_ct_with_walls.dem,1,9966,10125,redBlue
i_eat_short_people_for_breakfast,Gary,11774,11827,16,14,9_19_21_durst_t_wang_ct_with_walls.dem,1,10516,10615,green
i_eat_short_people_for_breakfast,Martin,11777,11827,16,20,9_19_21_durst_t_wang_ct_with_walls.dem,1,10520,10615,redBlue
i_eat_short_people_for_breakfast,Martin,11885,11894,16,20,9_19_21_durst_t_wang_ct_with_walls.dem,1,10724,10740,redBlue
i_eat_short_people_for_breakfast,Gary,11887,11896,16,14,9_19_21_durst_t_wang_ct_with_walls.dem,1,10729,10744,green
i_eat_short_people_for_breakfast,Gary,11907,12032,16,14,9_19_21_durst_t_wang_ct_with_walls.dem,1,10764,10999,green
i_eat_short_people_for_breakfast,Martin,11931,11935,16,20,9_19_21_durst_t_wang_ct_with_walls.dem,1,10810,10819,redBlue
i_eat_short_people_for_breakfast,Gary,12104,12113,16,14,9_19_21_durst_t_wang_ct_with_walls.dem,1,11133,11150,green
i_eat_short_people_for_breakfast,Gary,12118,12162,16,14,9_19_21_durst_t_wang_ct_with_walls.dem,1,11161,11243,green
i_eat_short_people_for_breakfast,Gary,12299,12350,16,14,9_19_21_durst_t_wang_ct_with_walls.dem,1,11500,11595,green
i_eat_short_people_for_breakfast,Michelle Obama,13371,13447,16,21,9_19_21_durst_t_wang_ct_with_walls.dem,1,13509,13652,red
i_eat_short_people_for_breakfast,Chris,13422,13434,16,18,9_19_21_durst_t_wang_ct_with_walls.dem,1,13606,13628,blue
i_eat_short_people_for_breakfast,Michelle Obama,13572,13625,16,21,9_19_21_durst_t_wang_ct_with_walls.dem,1,13887,13987,red
i_eat_short_people_for_breakfast,Martin,13583,13612,16,20,9_19_21_durst_t_wang_ct_with_walls.dem,1,13907,13961,redBlue
i_eat_short_people_for_breakfast,Chris,13584,13609,16,18,9_19_21_durst_t_wang_ct_with_walls.dem,1,13909,13956,blue
i_eat_short_people_for_breakfast,Martin,13917,14104,16,20,9_19_21_durst_t_wang_ct_with_walls.dem,1,14534,14543,redBlue
i_eat_short_people_for_breakfast,Chris,13924,13935,16,18,9_19_21_durst_t_wang_ct_with_walls.dem,1,14547,14567,blue
i_eat_short_people_for_breakfast,Michelle Obama,13924,14066,16,21,9_19_21_durst_t_wang_ct_with_walls.dem,1,14547,14727,red
i_eat_short_people_for_breakfast,Chris,13941,14094,16,18,9_19_21_durst_t_wang_ct_with_walls.dem,1,14578,14866,blue
i_eat_short_people_for_breakfast,Chris,14297,14315,16,18,9_19_21_durst_t_wang_ct_with_walls.dem,1,15246,15280,blue
i_eat_short_people_for_breakfast,Chris,14339,14342,16,18,9_19_21_durst_t_wang_ct_with_walls.dem,1,15324,15330,blue
i_eat_short_people_for_breakfast,Chris,14358,14368,16,18,9_19_21_durst_t_wang_ct_with_walls.dem,1,15360,15379,blue
i_eat_short_people_for_breakfast,Gary,14396,14406,16,14,9_19_21_durst_t_wang_ct_with_walls.dem,1,15432,15450,green
i_eat_short_people_for_breakfast,Martin,14457,14574,16,20,9_19_21_durst_t_wang_ct_with_walls.dem,1,15546,15766,redBlue
i_eat_short_people_for_breakfast,Michelle Obama,15461,15505,16,21,9_19_21_durst_t_wang_ct_with_walls.dem,1,17429,17510,red
i_eat_short_people_for_breakfast,Gary,15816,15852,16,14,9_19_21_durst_t_wang_ct_with_walls.dem,1,18094,18161,green
i_eat_short_people_for_breakfast,Chris,16215,16295,16,18,9_19_21_durst_t_wang_ct_with_walls.dem,1,18843,18993,blue
i_eat_short_people_for_breakfast,Martin,16224,16270,16,20,9_19_21_durst_t_wang_ct_with_walls.dem,1,18859,18945,redBlue
i_eat_short_people_for_breakfast,Chris,16374,16377,16,18,9_19_21_durst_t_wang_ct_with_walls.dem,1,19141,19145,blue
i_eat_short_people_for_breakfast,Chris,16385,16469,16,18,9_19_21_durst_t_wang_ct_with_walls.dem,1,19161,19319,blue
i_eat_short_people_for_breakfast,Chris,16654,16842,16,18,9_19_21_durst_t_wang_ct_with_walls.dem,1,19667,20018,blue
i_eat_short_people_for_breakfast,Michelle Obama,18107,18260,16,21,9_19_21_durst_t_wang_ct_with_walls.dem,1,22389,22525,red
i_eat_short_people_for_breakfast,Martin,20181,20194,16,20,9_19_21_durst_t_wang_ct_with_walls.dem,1,26279,26302,redBlue
i_eat_short_people_for_breakfast,Gary,20184,20194,16,14,9_19_21_durst_t_wang_ct_with_walls.dem,1,26284,26302,green
i_eat_short_people_for_breakfast,Michelle Obama,20932,20945,16,21,9_19_21_durst_t_wang_ct_with_walls.dem,1,27687,27711,red
i_eat_short_people_for_breakfast,Chris,21060,21077,16,18,9_19_21_durst_t_wang_ct_with_walls.dem,1,27927,27959,blue
i_eat_short_people_for_breakfast,Michelle Obama,21921,21930,16,21,9_19_21_durst_t_wang_ct_with_walls.dem,1,29541,29558,red
i_eat_short_people_for_breakfast,Michelle Obama,23003,23015,16,21,9_19_21_durst_t_wang_ct_with_walls.dem,1,31570,31593,red
i_eat_short_people_for_breakfast,Michelle Obama,23019,23094,16,21,9_19_21_durst_t_wang_ct_with_walls.dem,1,31600,31740,red
i_eat_short_people_for_breakfast,Chris,23027,23061,16,18,9_19_21_durst_t_wang_ct_with_walls.dem,1,31614,31679,blue
i_eat_short_people_for_breakfast,Michelle Obama,23148,23175,16,21,9_19_21_durst_t_wang_ct_with_walls.dem,1,31841,31893,red
i_eat_short_people_for_breakfast,Michelle Obama,23221,23225,16,21,9_19_21_durst_t_wang_ct_with_walls.dem,1,31979,31985,red
i_eat_short_people_for_breakfast,Martin,23222,23227,16,20,9_19_21_durst_t_wang_ct_with_walls.dem,1,31981,31990,redBlue
i_eat_short_people_for_breakfast,Chris,23223,23252,16,18,9_19_21_durst_t_wang_ct_with_walls.dem,1,31983,32036,blue
i_eat_short_people_for_breakfast,Chris,23283,23287,16,18,9_19_21_durst_t_wang_ct_with_walls.dem,1,32096,32102,blue
i_eat_short_people_for_breakfast,Gary,23359,23421,16,14,9_19_21_durst_t_wang_ct_with_walls.dem,1,32237,32354,green
i_eat_short_people_for_breakfast,Michelle Obama,23375,23421,16,21,9_19_21_durst_t_wang_ct_with_walls.dem,1,32267,32354,red
i_eat_short_people_for_breakfast,Martin,23383,23421,16,20,9_19_21_durst_t_wang_ct_with_walls.dem,1,32282,32354,redBlue
i_eat_short_people_for_breakfast,Chris,25116,25218,16,18,9_19_21_durst_t_wang_ct_with_walls.dem,1,35531,35722,blue
i_eat_short_people_for_breakfast,Michelle Obama,25339,25372,16,21,9_19_21_durst_t_wang_ct_with_walls.dem,1,35949,36012,red
i_eat_short_people_for_breakfast,Michelle Obama,30322,30358,16,21,9_19_21_durst_t_wang_ct_with_walls.dem,1,45292,45327,red
i_eat_short_people_for_breakfast,Chris,30548,30588,16,18,9_19_21_durst_t_wang_ct_with_walls.dem,1,45717,45791,blue
i_eat_short_people_for_breakfast,Martin,30753,30776,16,20,9_19_21_durst_t_wang_ct_with_walls.dem,1,46100,46144,redBlue
i_eat_short_people_for_breakfast,Martin,30779,30786,16,20,9_19_21_durst_t_wang_ct_with_walls.dem,1,46149,46162,redBlue
i_eat_short_people_for_breakfast,Michelle Obama,30863,30893,16,21,9_19_21_durst_t_wang_ct_with_walls.dem,1,46307,46365,red
i_eat_short_people_for_breakfast,Gary,33219,33325,16,14,9_19_21_durst_t_wang_ct_with_walls.dem,1,50725,50924,green
i_eat_short_people_for_breakfast,Michelle Obama,33317,33329,16,21,9_19_21_durst_t_wang_ct_with_walls.dem,1,50908,50931,red
i_eat_short_people_for_breakfast,Michelle Obama,33354,33465,16,21,9_19_21_durst_t_wang_ct_with_walls.dem,1,50978,51087,red
i_eat_short_people_for_breakfast,Michelle Obama,33496,33503,16,21,9_19_21_durst_t_wang_ct_with_walls.dem,1,51244,51257,red
i_eat_short_people_for_breakfast,Chris,33511,33595,16,18,9_19_21_durst_t_wang_ct_with_walls.dem,1,51271,51430,blue
i_eat_short_people_for_breakfast,Gary,33513,33572,16,14,9_19_21_durst_t_wang_ct_with_walls.dem,1,51275,51373,green
i_eat_short_people_for_breakfast,Chris,33606,33634,16,18,9_19_21_durst_t_wang_ct_with_walls.dem,1,51450,51502,blue
i_eat_short_people_for_breakfast,Gary,33606,33634,16,14,9_19_21_durst_t_wang_ct_with_walls.dem,1,51450,51502,green
i_eat_short_people_for_breakfast,Martin,33606,33616,16,20,9_19_21_durst_t_wang_ct_with_walls.dem,1,51450,51469,redBlue
i_eat_short_people_for_breakfast,Martin,33629,33634,16,20,9_19_21_durst_t_wang_ct_with_walls.dem,1,51494,51502,redBlue
i_eat_short_people_for_breakfast,Chris,33638,33645,16,18,9_19_21_durst_t_wang_ct_with_walls.dem,1,51511,51524,blue
i_eat_short_people_for_breakfast,Gary,33638,33643,16,14,9_19_21_durst_t_wang_ct_with_walls.dem,1,51511,51521,green
i_eat_short_people_for_breakfast,Martin,33638,33644,16,20,9_19_21_durst_t_wang_ct_with_walls.dem,1,51511,51523,redBlue
i_eat_short_people_for_breakfast,Michelle Obama,33807,34213,16,21,9_19_21_durst_t_wang_ct_with_walls.dem,1,51827,52589,red
i_eat_short_people_for_breakfast,Martin,33968,34138,16,20,9_19_21_durst_t_wang_ct_with_walls.dem,1,52128,52448,redBlue
i_eat_short_people_for_breakfast,Martin,34153,34178,16,20,9_19_21_durst_t_wang_ct_with_walls.dem,1,52476,52522,redBlue
i_eat_short_people_for_breakfast,Martin,34184,34187,16,20,9_19_21_durst_t_wang_ct_with_walls.dem,1,52534,52540,redBlue
i_eat_short_people_for_breakfast,Michelle Obama,34231,34250,16,21,9_19_21_durst_t_wang_ct_with_walls.dem,1,52622,52658,red
i_eat_short_people_for_breakfast,Michelle Obama,34450,34455,16,21,9_19_21_durst_t_wang_ct_with_walls.dem,1,53032,53045,red
i_eat_short_people_for_breakfast,Michelle Obama,35732,35770,16,21,9_19_21_durst_t_wang_ct_with_walls.dem,1,55436,55508,red
i_eat_short_people_for_breakfast,Michelle Obama,35802,35840,16,21,9_19_21_durst_t_wang_ct_with_walls.dem,1,55567,55639,red
i_eat_short_people_for_breakfast,Michelle Obama,35859,35881,16,21,9_19_21_durst_t_wang_ct_with_walls.dem,1,55675,55690,red
i_eat_short_people_for_breakfast,Martin,35990,36013,16,20,9_19_21_durst_t_wang_ct_with_walls.dem,1,55920,55963,redBlue
i_eat_short_people_for_breakfast,Chris,35991,36036,16,18,9_19_21_durst_t_wang_ct_with_walls.dem,1,55923,56007,blue
i_eat_short_people_for_breakfast,Chris,36077,36089,16,18,9_19_21_durst_t_wang_ct_with_walls.dem,1,56083,56106,blue
i_eat_short_people_for_breakfast,Gary,36311,36333,16,14,9_19_21_durst_t_wang_ct_with_walls.dem,1,56521,56563,green
i_eat_short_people_for_breakfast,Michelle Obama,37603,37637,16,21,9_19_21_durst_t_wang_ct_with_walls.dem,1,58945,59009,red
i_eat_short_people_for_breakfast,Chris,37694,37706,16,18,9_19_21_durst_t_wang_ct_with_walls.dem,1,59116,59138,blue
i_eat_short_people_for_breakfast,Chris,37714,37755,16,18,9_19_21_durst_t_wang_ct_with_walls.dem,1,59154,59230,blue
i_eat_short_people_for_breakfast,Gary,37723,37848,16,14,9_19_21_durst_t_wang_ct_with_walls.dem,1,59169,59404,green
i_eat_short_people_for_breakfast,Martin,37774,37777,16,20,9_19_21_durst_t_wang_ct_with_walls.dem,1,59266,59271,redBlue
i_eat_short_people_for_breakfast,Martin,37990,38004,16,20,9_19_21_durst_t_wang_ct_with_walls.dem,1,59671,59696,redBlue
i_eat_short_people_for_breakfast,Gary,37994,38130,16,14,9_19_21_durst_t_wang_ct_with_walls.dem,1,59678,59933,green
Michelle Obama,i_eat_short_people_for_breakfast,6652,6708,21,16,9_19_21_durst_t_wang_ct_with_walls.dem,1,721,827,red
Michelle Obama,Adam,6738,6754,21,17,9_19_21_durst_t_wang_ct_with_walls.dem,1,882,913,blue
Michelle Obama,i_eat_short_people_for_breakfast,7594,7608,21,16,9_19_21_durst_t_wang_ct_with_walls.dem,1,2488,2514,red
Michelle Obama,i_eat_short_people_for_breakfast,7657,7702,21,16,9_19_21_durst_t_wang_ct_with_walls.dem,1,2606,2690,red
Michelle Obama,i_eat_short_people_for_breakfast,7707,7738,21,16,9_19_21_durst_t_wang_ct_with_walls.dem,1,2699,2757,red
Michelle Obama,Henry,7871,7917,21,19,9_19_21_durst_t_wang_ct_with_walls.dem,1,3006,3094,green
Michelle Obama,i_eat_short_people_for_breakfast,10287,10343,21,16,9_19_21_durst_t_wang_ct_with_walls.dem,1,7536,7641,red
Michelle Obama,i_eat_short_people_for_breakfast,10377,10388,21,16,9_19_21_durst_t_wang_ct_with_walls.dem,1,7705,7726,red
Michelle Obama,Adam,13470,13483,21,17,9_19_21_durst_t_wang_ct_with_walls.dem,1,13506,13529,blue
Michelle Obama,Adam,13505,13515,21,17,9_19_21_durst_t_wang_ct_with_walls.dem,1,13571,13590,blue
Michelle Obama,Adam,13529,13688,21,17,9_19_21_durst_t_wang_ct_with_walls.dem,1,13615,13914,blue
Michelle Obama,i_eat_short_people_for_breakfast,13574,13638,21,16,9_19_21_durst_t_wang_ct_with_walls.dem,1,13701,13820,red
Michelle Obama,i_eat_short_people_for_breakfast,14034,14066,21,16,9_19_21_durst_t_wang_ct_with_walls.dem,1,14563,14623,red
Michelle Obama,Adam,15901,16068,21,17,9_19_21_durst_t_wang_ct_with_walls.dem,1,18062,18376,blue
Michelle Obama,Henry,18108,18139,21,19,9_19_21_durst_t_wang_ct_with_walls.dem,1,22202,22260,green
Michelle Obama,i_eat_short_people_for_breakfast,18110,18259,21,16,9_19_21_durst_t_wang_ct_with_walls.dem,1,22205,22336,red
Michelle Obama,Henry,20360,20398,21,19,9_19_21_durst_t_wang_ct_with_walls.dem,1,26423,26495,green
Michelle Obama,Henry,20517,20594,21,19,9_19_21_durst_t_wang_ct_with_walls.dem,1,26718,26759,green
Michelle Obama,Henry,20633,20662,21,19,9_19_21_durst_t_wang_ct_with_walls.dem,1,26936,26989,green
Michelle Obama,Henry,20672,20700,21,19,9_19_21_durst_t_wang_ct_with_walls.dem,1,27009,27062,green
Michelle Obama,Henry,20766,20783,21,19,9_19_21_durst_t_wang_ct_with_walls.dem,1,27185,27217,green
Michelle Obama,Adam,22966,23011,21,17,9_19_21_durst_t_wang_ct_with_walls.dem,1,31311,31395,blue
Michelle Obama,i_eat_short_people_for_breakfast,23005,23099,21,16,9_19_21_durst_t_wang_ct_with_walls.dem,1,31383,31560,red
Michelle Obama,i_eat_short_people_for_breakfast,23149,23211,21,16,9_19_21_durst_t_wang_ct_with_walls.dem,1,31654,31770,red
Michelle Obama,i_eat_short_people_for_breakfast,23375,23421,21,16,9_19_21_durst_t_wang_ct_with_walls.dem,1,32077,32163,red
Michelle Obama,Henry,23500,23539,21,19,9_19_21_durst_t_wang_ct_with_walls.dem,1,32312,32384,green
Michelle Obama,i_eat_short_people_for_breakfast,25342,25372,21,16,9_19_21_durst_t_wang_ct_with_walls.dem,1,35765,35821,red
Michelle Obama,Henry,25855,25872,21,19,9_19_21_durst_t_wang_ct_with_walls.dem,1,36727,36759,green
Michelle Obama,Adam,25961,26004,21,17,9_19_21_durst_t_wang_ct_with_walls.dem,1,36926,36933,blue
Michelle Obama,Adam,26009,26141,21,17,9_19_21_durst_t_wang_ct_with_walls.dem,1,37016,37264,blue
Michelle Obama,Adam,27906,27993,21,17,9_19_21_durst_t_wang_ct_with_walls.dem,1,40573,40736,blue
Michelle Obama,Henry,28313,28317,21,19,9_19_21_durst_t_wang_ct_with_walls.dem,1,41335,41344,green
Michelle Obama,Henry,28322,28326,21,19,9_19_21_durst_t_wang_ct_with_walls.dem,1,41353,41360,green
Michelle Obama,i_eat_short_people_for_breakfast,28350,28388,21,16,9_19_21_durst_t_wang_ct_with_walls.dem,1,41405,41476,red
Michelle Obama,Henry,28357,28388,21,19,9_19_21_durst_t_wang_ct_with_walls.dem,1,41418,41476,green
Michelle Obama,Henry,28413,28427,21,19,9_19_21_durst_t_wang_ct_with_walls.dem,1,41523,41549,green
Michelle Obama,Adam,30064,30094,21,17,9_19_21_durst_t_wang_ct_with_walls.dem,1,44619,44675,blue
Michelle Obama,i_eat_short_people_for_breakfast,30290,30297,21,16,9_19_21_durst_t_wang_ct_with_walls.dem,1,45042,45055,red
Michelle Obama,i_eat_short_people_for_breakfast,30316,30366,21,16,9_19_21_durst_t_wang_ct_with_walls.dem,1,45091,45186,red
Michelle Obama,Henry,30853,30965,21,19,9_19_21_durst_t_wang_ct_with_walls.dem,1,46099,46308,green
Michelle Obama,i_eat_short_people_for_breakfast,30865,30894,21,16,9_19_21_durst_t_wang_ct_with_walls.dem,1,46120,46175,red
Michelle Obama,i_eat_short_people_for_breakfast,32807,32933,21,16,9_19_21_durst_t_wang_ct_with_walls.dem,1,49761,49998,red
Michelle Obama,Adam,33270,33297,21,17,9_19_21_durst_t_wang_ct_with_walls.dem,1,50630,50680,blue
Michelle Obama,Henry,33276,33329,21,19,9_19_21_durst_t_wang_ct_with_walls.dem,1,50641,50741,green
Michelle Obama,Adam,33341,33437,21,17,9_19_21_durst_t_wang_ct_with_walls.dem,1,50763,50865,blue
Michelle Obama,Adam,33447,33470,21,17,9_19_21_durst_t_wang_ct_with_walls.dem,1,50963,51005,blue
Michelle Obama,Adam,33496,33595,21,17,9_19_21_durst_t_wang_ct_with_walls.dem,1,51055,51239,blue
Michelle Obama,Adam,35575,35629,21,17,9_19_21_durst_t_wang_ct_with_walls.dem,1,54952,55053,blue
Michelle Obama,i_eat_short_people_for_breakfast,35733,35783,21,16,9_19_21_durst_t_wang_ct_with_walls.dem,1,55248,55341,red
Michelle Obama,i_eat_short_people_for_breakfast,35791,35882,21,16,9_19_21_durst_t_wang_ct_with_walls.dem,1,55358,55473,red
Michelle Obama,Adam,37610,37637,21,17,9_19_21_durst_t_wang_ct_with_walls.dem,1,58768,58818,blue
Michelle Obama,i_eat_short_people_for_breakfast,37610,37637,21,16,9_19_21_durst_t_wang_ct_with_walls.dem,1,58767,58818,red
Michelle Obama,Henry,37611,37637,21,19,9_19_21_durst_t_wang_ct_with_walls.dem,1,58770,58818,green
i_eat_short_people_for_breakfast,Pinkay,6975,7015,24,33,merrick_kingston_matt_gabe_rory_durst_9_20_21_no_hacks.dem,0,1532,1607,blue
i_eat_short_people_for_breakfast,Pinkay,7070,7110,24,33,merrick_kingston_matt_gabe_rory_durst_9_20_21_no_hacks.dem,0,1711,1785,blue
i_eat_short_people_for_breakfast,Pinkay,7131,7173,24,33,merrick_kingston_matt_gabe_rory_durst_9_20_21_no_hacks.dem,0,1825,1904,blue
i_eat_short_people_for_breakfast,Pinkay,7212,7226,24,33,merrick_kingston_matt_gabe_rory_durst_9_20_21_no_hacks.dem,0,1977,2003,blue
i_eat_short_people_for_breakfast,Pinkay,7245,7254,24,33,merrick_kingston_matt_gabe_rory_durst_9_20_21_no_hacks.dem,0,2039,2055,blue
i_eat_short_people_for_breakfast,Pinkay,7261,7271,24,33,merrick_kingston_matt_gabe_rory_durst_9_20_21_no_hacks.dem,0,2069,2088,blue
i_eat_short_people_for_breakfast,Kcirrem,8031,8037,24,29,merrick_kingston_matt_gabe_rory_durst_9_20_21_no_hacks.dem,0,3512,3518,green
i_eat_short_people_for_breakfast,Pinkay,9315,9497,24,33,merrick_kingston_matt_gabe_rory_durst_9_20_21_no_hacks.dem,0,5920,6261,blue
i_eat_short_people_for_breakfast,Malia Obama,9327,9380,24,31,merrick_kingston_matt_gabe_rory_durst_9_20_21_no_hacks.dem,0,5943,6042,red
i_eat_short_people_for_breakfast,Tom,9340,9379,24,34,merrick_kingston_matt_gabe_rory_durst_9_20_21_no_hacks.dem,0,5966,6040,redBlue
i_eat_short_people_for_breakfast,Malia Obama,9432,9549,24,31,merrick_kingston_matt_gabe_rory_durst_9_20_21_no_hacks.dem,0,6140,6360,red
i_eat_short_people_for_breakfast,Tom,9432,9497,24,34,merrick_kingston_matt_gabe_rory_durst_9_20_21_no_hacks.dem,0,6139,6261,redBlue
i_eat_short_people_for_breakfast,Tom,12049,12057,24,34,merrick_kingston_matt_gabe_rory_durst_9_20_21_no_hacks.dem,0,11046,11061,redBlue
i_eat_short_people_for_breakfast,Tom,12136,12147,24,34,merrick_kingston_matt_gabe_rory_durst_9_20_21_no_hacks.dem,0,11209,11230,redBlue
i_eat_short_people_for_breakfast,Kcirrem,12240,12277,24,29,merrick_kingston_matt_gabe_rory_durst_9_20_21_no_hacks.dem,0,11404,11463,green
i_eat_short_people_for_breakfast,Kcirrem,14044,14102,24,29,merrick_kingston_matt_gabe_rory_durst_9_20_21_no_hacks.dem,0,14788,14895,green
i_eat_short_people_for_breakfast,Pinkay,14098,14102,24,33,merrick_kingston_matt_gabe_rory_durst_9_20_21_no_hacks.dem,0,14888,14895,blue
i_eat_short_people_for_breakfast,Malia Obama,16436,16495,24,31,merrick_kingston_matt_gabe_rory_durst_9_20_21_no_hacks.dem,0,19272,19383,red
i_eat_short_people_for_breakfast,Pinkay,16565,16651,24,33,merrick_kingston_matt_gabe_rory_durst_9_20_21_no_hacks.dem,0,19514,19675,blue
i_eat_short_people_for_breakfast,Tom,16565,16642,24,34,merrick_kingston_matt_gabe_rory_durst_9_20_21_no_hacks.dem,0,19514,19658,redBlue
i_eat_short_people_for_breakfast,Pinkay,16670,16696,24,33,merrick_kingston_matt_gabe_rory_durst_9_20_21_no_hacks.dem,0,19711,19737,blue
i_eat_short_people_for_breakfast,Kcirrem,17918,17941,24,29,merrick_kingston_matt_gabe_rory_durst_9_20_21_no_hacks.dem,0,22050,22093,green
i_eat_short_people_for_breakfast,Malia Obama,17930,17987,24,31,merrick_kingston_matt_gabe_rory_durst_9_20_21_no_hacks.dem,0,22072,22180,red
i_eat_short_people_for_breakfast,Malia Obama,20998,21116,24,31,merrick_kingston_matt_gabe_rory_durst_9_20_21_no_hacks.dem,0,27825,28047,red
i_eat_short_people_for_breakfast,Kcirrem,21317,21344,24,29,merrick_kingston_matt_gabe_rory_durst_9_20_21_no_hacks.dem,0,28423,28475,green
i_eat_short_people_for_breakfast,Malia Obama,25138,25183,24,31,merrick_kingston_matt_gabe_rory_durst_9_20_21_no_hacks.dem,0,35588,35612,red
i_eat_short_people_for_breakfast,Malia Obama,25250,25283,24,31,merrick_kingston_matt_gabe_rory_durst_9_20_21_no_hacks.dem,0,35798,35860,red
i_eat_short_people_for_breakfast,Kcirrem,25266,25308,24,29,merrick_kingston_matt_gabe_rory_durst_9_20_21_no_hacks.dem,0,35828,35907,green
i_eat_short_people_for_breakfast,Kcirrem,25383,25415,24,29,merrick_kingston_matt_gabe_rory_durst_9_20_21_no_hacks.dem,0,36048,36107,green
i_eat_short_people_for_breakfast,Pinkay,25569,25583,24,33,merrick_kingston_matt_gabe_rory_durst_9_20_21_no_hacks.dem,0,36397,36423,blue
i_eat_short_people_for_breakfast,Pinkay,25598,25660,24,33,merrick_kingston_matt_gabe_rory_durst_9_20_21_no_hacks.dem,0,36451,36566,blue
i_eat_short_people_for_breakfast,Pinkay,25665,25711,24,33,merrick_kingston_matt_gabe_rory_durst_9_20_21_no_hacks.dem,0,36576,36663,blue
i_eat_short_people_for_breakfast,Tom,25775,25784,24,34,merrick_kingston_matt_gabe_rory_durst_9_20_21_no_hacks.dem,0,36782,36799,redBlue
i_eat_short_people_for_breakfast,Kcirrem,26812,26833,24,29,merrick_kingston_matt_gabe_rory_durst_9_20_21_no_hacks.dem,0,38726,38767,green
i_eat_short_people_for_breakfast,Pinkay,27141,27216,24,33,merrick_kingston_matt_gabe_rory_durst_9_20_21_no_hacks.dem,0,39343,39484,blue
i_eat_short_people_for_breakfast,Kcirrem,27223,27238,24,29,merrick_kingston_matt_gabe_rory_durst_9_20_21_no_hacks.dem,0,39497,39525,green
i_eat_short_people_for_breakfast,Pinkay,27543,27565,24,33,merrick_kingston_matt_gabe_rory_durst_9_20_21_no_hacks.dem,0,40097,40138,blue
i_eat_short_people_for_breakfast,Tom,27550,27566,24,34,merrick_kingston_matt_gabe_rory_durst_9_20_21_no_hacks.dem,0,40110,40140,redBlue
i_eat_short_people_for_breakfast,Pinkay,27870,27873,24,33,merrick_kingston_matt_gabe_rory_durst_9_20_21_no_hacks.dem,0,40711,40717,blue
i_eat_short_people_for_breakfast,Tom,27874,27882,24,34,merrick_kingston_matt_gabe_rory_durst_9_20_21_no_hacks.dem,0,40718,40734,redBlue
i_eat_short_people_for_breakfast,Kcirrem,28117,28166,24,29,merrick_kingston_matt_gabe_rory_durst_9_20_21_no_hacks.dem,0,41173,41265,green
i_eat_short_people_for_breakfast,Tom,28160,28229,24,34,merrick_kingston_matt_gabe_rory_durst_9_20_21_no_hacks.dem,0,41255,41282,redBlue
i_eat_short_people_for_breakfast,Pinkay,30042,30093,24,33,merrick_kingston_matt_gabe_rory_durst_9_20_21_no_hacks.dem,0,44784,44791,blue
i_eat_short_people_for_breakfast,Tom,30042,30064,24,34,merrick_kingston_matt_gabe_rory_durst_9_20_21_no_hacks.dem,0,44783,44791,redBlue
i_eat_short_people_for_breakfast,Pinkay,30418,30422,24,33,merrick_kingston_matt_gabe_rory_durst_9_20_21_no_hacks.dem,0,45488,45495,blue
i_eat_short_people_for_breakfast,Malia Obama,30456,30499,24,31,merrick_kingston_matt_gabe_rory_durst_9_20_21_no_hacks.dem,0,45560,45608,red
i_eat_short_people_for_breakfast,Kcirrem,32565,32656,24,29,merrick_kingston_matt_gabe_rory_durst_9_20_21_no_hacks.dem,0,49514,49684,green
i_eat_short_people_for_breakfast,Malia Obama,32648,32660,24,31,merrick_kingston_matt_gabe_rory_durst_9_20_21_no_hacks.dem,0,49670,49692,red
i_eat_short_people_for_breakfast,Malia Obama,32664,32673,24,31,merrick_kingston_matt_gabe_rory_durst_9_20_21_no_hacks.dem,0,49699,49717,red
i_eat_short_people_for_breakfast,Malia Obama,32684,32710,24,31,merrick_kingston_matt_gabe_rory_durst_9_20_21_no_hacks.dem,0,49737,49786,red
i_eat_short_people_for_breakfast,Pinkay,32855,32916,24,33,merrick_kingston_matt_gabe_rory_durst_9_20_21_no_hacks.dem,0,50058,50172,blue
i_eat_short_people_for_breakfast,Pinkay,33123,33184,24,33,merrick_kingston_matt_gabe_rory_durst_9_20_21_no_hacks.dem,0,50559,50674,blue
i_eat_short_people_for_breakfast,Kcirrem,36472,36517,24,29,merrick_kingston_matt_gabe_rory_durst_9_20_21_no_hacks.dem,0,56840,56923,green
i_eat_short_people_for_breakfast,Tom,36480,36483,24,34,merrick_kingston_matt_gabe_rory_durst_9_20_21_no_hacks.dem,0,56855,56860,redBlue
i_eat_short_people_for_breakfast,Malia Obama,37175,37275,24,31,merrick_kingston_matt_gabe_rory_durst_9_20_21_no_hacks.dem,0,58158,58346,red
i_eat_short_people_for_breakfast,Pinkay,38559,38571,24,33,merrick_kingston_matt_gabe_rory_durst_9_20_21_no_hacks.dem,0,60753,60774,blue
i_eat_short_people_for_breakfast,Pinkay,38579,38592,24,33,merrick_kingston_matt_gabe_rory_durst_9_20_21_no_hacks.dem,0,60790,60814,blue
i_eat_short_people_for_breakfast,Pinkay,38603,38653,24,33,merrick_kingston_matt_gabe_rory_durst_9_20_21_no_hacks.dem,0,60835,60928,blue
i_eat_short_people_for_breakfast,Kcirrem,38810,38813,24,29,merrick_kingston_matt_gabe_rory_durst_9_20_21_no_hacks.dem,0,61223,61229,green
i_eat_short_people_for_breakfast,Malia Obama,38909,38933,24,31,merrick_kingston_matt_gabe_rory_durst_9_20_21_no_hacks.dem,0,61408,61453,red
i_eat_short_people_for_breakfast,Malia Obama,38990,38995,24,31,merrick_kingston_matt_gabe_rory_durst_9_20_21_no_hacks.dem,0,61560,61570,red
i_eat_short_people_for_breakfast,Malia Obama,40828,40836,24,31,merrick_kingston_matt_gabe_rory_durst_9_20_21_no_hacks.dem,0,65006,65022,red
i_eat_short_people_for_breakfast,Malia Obama,40840,40868,24,31,merrick_kingston_matt_gabe_rory_durst_9_20_21_no_hacks.dem,0,65030,65059,red
i_eat_short_people_for_breakfast,Malia Obama,40970,41043,24,31,merrick_kingston_matt_gabe_rory_durst_9_20_21_no_hacks.dem,0,65273,65322,red
i_eat_short_people_for_breakfast,Malia Obama,41471,41528,24,31,merrick_kingston_matt_gabe_rory_durst_9_20_21_no_hacks.dem,0,66213,66278,red
i_eat_short_people_for_breakfast,Kcirrem,43655,43668,24,29,merrick_kingston_matt_gabe_rory_durst_9_20_21_no_hacks.dem,0,70307,70320,green
i_eat_short_people_for_breakfast,Kcirrem,43671,43675,24,29,merrick_kingston_matt_gabe_rory_durst_9_20_21_no_hacks.dem,0,70338,70345,green
i_eat_short_people_for_breakfast,Kcirrem,44120,44134,24,29,merrick_kingston_matt_gabe_rory_durst_9_20_21_no_hacks.dem,0,71180,71206,green
i_eat_short_people_for_breakfast,Kcirrem,44264,44271,24,29,merrick_kingston_matt_gabe_rory_durst_9_20_21_no_hacks.dem,0,71449,71463,green
i_eat_short_people_for_breakfast,Kcirrem,44290,45971,24,29,merrick_kingston_matt_gabe_rory_durst_9_20_21_no_hacks.dem,0,71499,74650,green
i_eat_short_people_for_breakfast,Pinkay,44591,44686,24,33,merrick_kingston_matt_gabe_rory_durst_9_20_21_no_hacks.dem,0,72063,72241,blue
i_eat_short_people_for_breakfast,Tom,44593,44661,24,34,merrick_kingston_matt_gabe_rory_durst_9_20_21_no_hacks.dem,0,72067,72193,redBlue
Malia Obama,Step Papi,6933,6957,31,32,merrick_kingston_matt_gabe_rory_durst_9_20_21_no_hacks.dem,0,1431,1476,blue
Malia Obama,meeseeks,6946,6957,31,30,merrick_kingston_matt_gabe_rory_durst_9_20_21_no_hacks.dem,0,1456,1476,green
Malia Obama,i_eat_short_people_for_breakfast,9329,9389,31,24,merrick_kingston_matt_gabe_rory_durst_9_20_21_no_hacks.dem,0,5924,6037,red
Malia Obama,i_eat_short_people_for_breakfast,9426,9549,31,24,merrick_kingston_matt_gabe_rory_durst_9_20_21_no_hacks.dem,0,6106,6336,red
Malia Obama,meeseeks,9706,9753,31,30,merrick_kingston_matt_gabe_rory_durst_9_20_21_no_hacks.dem,0,6631,6718,green
Malia Obama,meeseeks,9792,9828,31,30,merrick_kingston_matt_gabe_rory_durst_9_20_21_no_hacks.dem,0,6791,6859,green
Malia Obama,meeseeks,9869,9888,31,30,merrick_kingston_matt_gabe_rory_durst_9_20_21_no_hacks.dem,0,6936,6971,green
Malia Obama,meeseeks,9901,9922,31,30,merrick_kingston_matt_gabe_rory_durst_9_20_21_no_hacks.dem,0,6996,7036,green
Malia Obama,meeseeks,9943,10066,31,30,merrick_kingston_matt_gabe_rory_durst_9_20_21_no_hacks.dem,0,7075,7306,green
Malia Obama,meeseeks,12234,12259,31,30,merrick_kingston_matt_gabe_rory_durst_9_20_21_no_hacks.dem,0,11371,11417,green
Malia Obama,i_eat_short_people_for_breakfast,13998,14031,31,24,merrick_kingston_matt_gabe_rory_durst_9_20_21_no_hacks.dem,0,14678,14739,red
Malia Obama,i_eat_short_people_for_breakfast,16440,16501,31,24,merrick_kingston_matt_gabe_rory_durst_9_20_21_no_hacks.dem,0,19257,19371,red
Malia Obama,Step Papi,16474,16496,31,32,merrick_kingston_matt_gabe_rory_durst_9_20_21_no_hacks.dem,0,19320,19361,blue
Malia Obama,Step Papi,16502,16542,31,32,merrick_kingston_matt_gabe_rory_durst_9_20_21_no_hacks.dem,0,19372,19448,blue
Malia Obama,i_eat_short_people_for_breakfast,16504,16511,31,24,merrick_kingston_matt_gabe_rory_durst_9_20_21_no_hacks.dem,0,19376,19390,red
Malia Obama,i_eat_short_people_for_breakfast,17932,17985,31,24,merrick_kingston_matt_gabe_rory_durst_9_20_21_no_hacks.dem,0,22054,22153,red
Malia Obama,meeseeks,18105,18143,31,30,merrick_kingston_matt_gabe_rory_durst_9_20_21_no_hacks.dem,0,22379,22435,green
Malia Obama,i_eat_short_people_for_breakfast,20999,21116,31,24,merrick_kingston_matt_gabe_rory_durst_9_20_21_no_hacks.dem,0,27804,28025,red
Malia Obama,Step Papi,25141,25190,31,32,merrick_kingston_matt_gabe_rory_durst_9_20_21_no_hacks.dem,0,35571,35663,blue
Malia Obama,meeseeks,25141,25197,31,30,merrick_kingston_matt_gabe_rory_durst_9_20_21_no_hacks.dem,0,35571,35677,green
Malia Obama,i_eat_short_people_for_breakfast,25147,25186,31,24,merrick_kingston_matt_gabe_rory_durst_9_20_21_no_hacks.dem,0,35582,35594,red
Malia Obama,i_eat_short_people_for_breakfast,25235,25283,31,24,merrick_kingston_matt_gabe_rory_durst_9_20_21_no_hacks.dem,0,35748,35837,red
Malia Obama,Step Papi,25240,25283,31,32,merrick_kingston_matt_gabe_rory_durst_9_20_21_no_hacks.dem,0,35756,35837,blue
Malia Obama,meeseeks,25271,25283,31,30,merrick_kingston_matt_gabe_rory_durst_9_20_21_no_hacks.dem,0,35816,35837,green
Malia Obama,meeseeks,27163,27220,31,30,merrick_kingston_matt_gabe_rory_durst_9_20_21_no_hacks.dem,0,39362,39469,green
Malia Obama,Step Papi,27341,27370,31,32,merrick_kingston_matt_gabe_rory_durst_9_20_21_no_hacks.dem,0,39696,39744,blue
Malia Obama,Step Papi,27374,27404,31,32,merrick_kingston_matt_gabe_rory_durst_9_20_21_no_hacks.dem,0,39757,39815,blue
Malia Obama,i_eat_short_people_for_breakfast,30453,30498,31,24,merrick_kingston_matt_gabe_rory_durst_9_20_21_no_hacks.dem,0,45531,45615,red
Malia Obama,meeseeks,31917,31944,31,30,merrick_kingston_matt_gabe_rory_durst_9_20_21_no_hacks.dem,0,48276,48296,green
Malia Obama,Step Papi,32648,32660,31,32,merrick_kingston_matt_gabe_rory_durst_9_20_21_no_hacks.dem,0,49646,49669,blue
Malia Obama,i_eat_short_people_for_breakfast,32651,32659,31,24,merrick_kingston_matt_gabe_rory_durst_9_20_21_no_hacks.dem,0,49653,49667,red
Malia Obama,Step Papi,32666,32676,31,32,merrick_kingston_matt_gabe_rory_durst_9_20_21_no_hacks.dem,0,49681,49691,blue
Malia Obama,Step Papi,32680,32822,31,32,merrick_kingston_matt_gabe_rory_durst_9_20_21_no_hacks.dem,0,49706,49729,blue
Malia Obama,i_eat_short_people_for_breakfast,32687,32713,31,24,merrick_kingston_matt_gabe_rory_durst_9_20_21_no_hacks.dem,0,49720,49729,red
Malia Obama,meeseeks,33146,33208,31,30,merrick_kingston_matt_gabe_rory_durst_9_20_21_no_hacks.dem,0,50580,50696,green
Malia Obama,meeseeks,35896,36052,31,30,merrick_kingston_matt_gabe_rory_durst_9_20_21_no_hacks.dem,0,55737,56029,green
Malia Obama,i_eat_short_people_for_breakfast,37096,37099,31,24,merrick_kingston_matt_gabe_rory_durst_9_20_21_no_hacks.dem,0,57986,57991,red
Malia Obama,i_eat_short_people_for_breakfast,37175,37273,31,24,merrick_kingston_matt_gabe_rory_durst_9_20_21_no_hacks.dem,0,58134,58319,red
Malia Obama,meeseeks,37348,37373,31,30,merrick_kingston_matt_gabe_rory_durst_9_20_21_no_hacks.dem,0,58460,58507,green
Malia Obama,i_eat_short_people_for_breakfast,38936,38993,31,24,merrick_kingston_matt_gabe_rory_durst_9_20_21_no_hacks.dem,0,61436,61543,red
Malia Obama,Step Papi,39189,39196,31,32,merrick_kingston_matt_gabe_rory_durst_9_20_21_no_hacks.dem,0,61911,61925,blue
Malia Obama,i_eat_short_people_for_breakfast,40834,40879,31,24,merrick_kingston_matt_gabe_rory_durst_9_20_21_no_hacks.dem,0,64995,65079,red
Malia Obama,i_eat_short_people_for_breakfast,40969,41054,31,24,merrick_kingston_matt_gabe_rory_durst_9_20_21_no_hacks.dem,0,65248,65307,red
Malia Obama,meeseeks,41111,41184,31,30,merrick_kingston_matt_gabe_rory_durst_9_20_21_no_hacks.dem,0,65514,65619,green
Malia Obama,i_eat_short_people_for_breakfast,41473,41528,31,24,merrick_kingston_matt_gabe_rory_durst_9_20_21_no_hacks.dem,0,66194,66296,red
Malia Obama,Step Papi,43374,43399,31,32,merrick_kingston_matt_gabe_rory_durst_9_20_21_no_hacks.dem,0,69757,69804,blue
Malia Obama,Step Papi,43561,43590,31,32,merrick_kingston_matt_gabe_rory_durst_9_20_21_no_hacks.dem,0,70109,70162,blue
meeseeks,Kcirrem,6982,6985,30,29,merrick_kingston_matt_gabe_rory_durst_9_20_21_no_hacks.dem,0,1472,1476,green
meeseeks,Pinkay,7215,7277,30,33,merrick_kingston_matt_gabe_rory_durst_9_20_21_no_hacks.dem,0,1908,2024,blue
meeseeks,Kcirrem,8004,8085,30,29,merrick_kingston_matt_gabe_rory_durst_9_20_21_no_hacks.dem,0,3387,3539,green
meeseeks,Kcirrem,9385,9423,30,29,merrick_kingston_matt_gabe_rory_durst_9_20_21_no_hacks.dem,0,5977,6047,green
meeseeks,Kcirrem,9539,9566,30,29,merrick_kingston_matt_gabe_rory_durst_9_20_21_no_hacks.dem,0,6265,6316,green
meeseeks,Kcirrem,9576,9622,30,29,merrick_kingston_matt_gabe_rory_durst_9_20_21_no_hacks.dem,0,6336,6421,green
meeseeks,Malia Obama,9641,9656,30,31,merrick_kingston_matt_gabe_rory_durst_9_20_21_no_hacks.dem,0,6457,6485,red
meeseeks,Malia Obama,9704,9759,30,31,merrick_kingston_matt_gabe_rory_durst_9_20_21_no_hacks.dem,0,6574,6678,red
meeseeks,Malia Obama,9789,9836,30,31,merrick_kingston_matt_gabe_rory_durst_9_20_21_no_hacks.dem,0,6734,6822,red
meeseeks,Malia Obama,9860,9876,30,31,merrick_kingston_matt_gabe_rory_durst_9_20_21_no_hacks.dem,0,6868,6897,red
meeseeks,Malia Obama,9946,10067,30,31,merrick_kingston_matt_gabe_rory_durst_9_20_21_no_hacks.dem,0,7028,7168,red
meeseeks,Malia Obama,12228,12259,30,31,merrick_kingston_matt_gabe_rory_durst_9_20_21_no_hacks.dem,0,11308,11365,red
meeseeks,Pinkay,12338,12361,30,33,merrick_kingston_matt_gabe_rory_durst_9_20_21_no_hacks.dem,0,11514,11557,blue
meeseeks,Pinkay,12403,12518,30,33,merrick_kingston_matt_gabe_rory_durst_9_20_21_no_hacks.dem,0,11635,11768,blue
meeseeks,Pinkay,12550,12578,30,33,merrick_kingston_matt_gabe_rory_durst_9_20_21_no_hacks.dem,0,11910,11963,blue
meeseeks,Pinkay,14076,14082,30,33,merrick_kingston_matt_gabe_rory_durst_9_20_21_no_hacks.dem,0,14772,14784,blue
meeseeks,Kcirrem,14187,14222,30,29,merrick_kingston_matt_gabe_rory_durst_9_20_21_no_hacks.dem,0,14980,15046,green
meeseeks,Pinkay,14190,14222,30,33,merrick_kingston_matt_gabe_rory_durst_9_20_21_no_hacks.dem,0,14987,15046,blue
meeseeks,Pinkay,14314,14350,30,33,merrick_kingston_matt_gabe_rory_durst_9_20_21_no_hacks.dem,0,15218,15286,blue
meeseeks,Pinkay,14360,14398,30,33,merrick_kingston_matt_gabe_rory_durst_9_20_21_no_hacks.dem,0,15305,15377,blue
meeseeks,Pinkay,14434,14465,30,33,merrick_kingston_matt_gabe_rory_durst_9_20_21_no_hacks.dem,0,15443,15475,blue
meeseeks,Pinkay,14700,14933,30,33,merrick_kingston_matt_gabe_rory_durst_9_20_21_no_hacks.dem,0,15942,16139,blue
meeseeks,Kcirrem,14728,14837,30,29,merrick_kingston_matt_gabe_rory_durst_9_20_21_no_hacks.dem,0,15994,16200,green
meeseeks,Kcirrem,14843,14853,30,29,merrick_kingston_matt_gabe_rory_durst_9_20_21_no_hacks.dem,0,16211,16229,green
meeseeks,Kcirrem,14905,14911,30,29,merrick_kingston_matt_gabe_rory_durst_9_20_21_no_hacks.dem,0,16326,16339,green
meeseeks,Kcirrem,14919,14987,30,29,merrick_kingston_matt_gabe_rory_durst_9_20_21_no_hacks.dem,0,16352,16481,green
meeseeks,Pinkay,14972,14995,30,33,merrick_kingston_matt_gabe_rory_durst_9_20_21_no_hacks.dem,0,16453,16496,blue
meeseeks,Kcirrem,15297,15339,30,29,merrick_kingston_matt_gabe_rory_durst_9_20_21_no_hacks.dem,0,17062,17140,green
meeseeks,Kcirrem,16431,16446,30,29,merrick_kingston_matt_gabe_rory_durst_9_20_21_no_hacks.dem,0,19188,19216,green
meeseeks,Malia Obama,18105,18143,30,31,merrick_kingston_matt_gabe_rory_durst_9_20_21_no_hacks.dem,0,22326,22398,red
meeseeks,Pinkay,18457,18498,30,33,merrick_kingston_matt_gabe_rory_durst_9_20_21_no_hacks.dem,0,22987,23035,blue
meeseeks,Pinkay,18680,18793,30,33,merrick_kingston_matt_gabe_rory_durst_9_20_21_no_hacks.dem,0,23405,23500,blue
meeseeks,Pinkay,18897,18969,30,33,merrick_kingston_matt_gabe_rory_durst_9_20_21_no_hacks.dem,0,23812,23946,blue
meeseeks,Pinkay,19277,19319,30,33,merrick_kingston_matt_gabe_rory_durst_9_20_21_no_hacks.dem,0,24525,24602,blue
meeseeks,Pinkay,19434,19471,30,33,merrick_kingston_matt_gabe_rory_durst_9_20_21_no_hacks.dem,0,24819,24888,blue
meeseeks,Tom,22461,22571,30,34,merrick_kingston_matt_gabe_rory_durst_9_20_21_no_hacks.dem,0,30494,30668,redBlue
meeseeks,Pinkay,22482,22608,30,33,merrick_kingston_matt_gabe_rory_durst_9_20_21_no_hacks.dem,0,30534,30669,blue
meeseeks,Pinkay,22827,22865,30,33,merrick_kingston_matt_gabe_rory_durst_9_20_21_no_hacks.dem,0,31180,31251,blue
meeseeks,Pinkay,22938,23318,30,33,merrick_kingston_matt_gabe_rory_durst_9_20_21_no_hacks.dem,0,31389,32101,blue
meeseeks,Malia Obama,25140,25194,30,31,merrick_kingston_matt_gabe_rory_durst_9_20_21_no_hacks.dem,0,35518,35619,red
meeseeks,Malia Obama,25274,25283,30,31,merrick_kingston_matt_gabe_rory_durst_9_20_21_no_hacks.dem,0,35769,35785,red
meeseeks,Kcirrem,25294,25313,30,29,merrick_kingston_matt_gabe_rory_durst_9_20_21_no_hacks.dem,0,35807,35842,green
meeseeks,Kcirrem,25359,25390,30,29,merrick_kingston_matt_gabe_rory_durst_9_20_21_no_hacks.dem,0,35927,35987,green
meeseeks,Tom,25804,25841,30,34,merrick_kingston_matt_gabe_rory_durst_9_20_21_no_hacks.dem,0,36762,36832,redBlue
meeseeks,Malia Obama,27166,27222,30,31,merrick_kingston_matt_gabe_rory_durst_9_20_21_no_hacks.dem,0,39315,39421,red
meeseeks,Kcirrem,30132,30139,30,29,merrick_kingston_matt_gabe_rory_durst_9_20_21_no_hacks.dem,0,44878,44890,green
meeseeks,Kcirrem,30373,30414,30,29,merrick_kingston_matt_gabe_rory_durst_9_20_21_no_hacks.dem,0,45329,45406,green
meeseeks,Kcirrem,30441,30488,30,29,merrick_kingston_matt_gabe_rory_durst_9_20_21_no_hacks.dem,0,45457,45519,green
meeseeks,Pinkay,31502,31518,30,33,merrick_kingston_matt_gabe_rory_durst_9_20_21_no_hacks.dem,0,47446,47475,blue
meeseeks,Pinkay,31556,31669,30,33,merrick_kingston_matt_gabe_rory_durst_9_20_21_no_hacks.dem,0,47547,47759,blue
meeseeks,Pinkay,31689,31712,30,33,merrick_kingston_matt_gabe_rory_durst_9_20_21_no_hacks.dem,0,47797,47840,blue
meeseeks,Malia Obama,31924,31944,30,31,merrick_kingston_matt_gabe_rory_durst_9_20_21_no_hacks.dem,0,48237,48274,red
meeseeks,Malia Obama,33143,33208,30,31,merrick_kingston_matt_gabe_rory_durst_9_20_21_no_hacks.dem,0,50523,50590,red
meeseeks,Tom,35129,35236,30,34,merrick_kingston_matt_gabe_rory_durst_9_20_21_no_hacks.dem,0,54246,54447,redBlue
meeseeks,Malia Obama,35894,35985,30,31,merrick_kingston_matt_gabe_rory_durst_9_20_21_no_hacks.dem,0,55681,55777,red
meeseeks,Malia Obama,36031,36050,30,31,merrick_kingston_matt_gabe_rory_durst_9_20_21_no_hacks.dem,0,55938,55974,red
meeseeks,Pinkay,36139,36182,30,33,merrick_kingston_matt_gabe_rory_durst_9_20_21_no_hacks.dem,0,56141,56189,blue
meeseeks,Pinkay,36260,36338,30,33,merrick_kingston_matt_gabe_rory_durst_9_20_21_no_hacks.dem,0,56368,56389,blue
meeseeks,Tom,36461,36502,30,34,merrick_kingston_matt_gabe_rory_durst_9_20_21_no_hacks.dem,0,56744,56821,redBlue
meeseeks,Malia Obama,37344,37373,30,31,merrick_kingston_matt_gabe_rory_durst_9_20_21_no_hacks.dem,0,58400,58455,red
meeseeks,Tom,38643,38649,30,34,merrick_kingston_matt_gabe_rory_durst_9_20_21_no_hacks.dem,0,60836,60846,redBlue
meeseeks,Kcirrem,39615,39636,30,29,merrick_kingston_matt_gabe_rory_durst_9_20_21_no_hacks.dem,0,62658,62697,green
meeseeks,Pinkay,40613,40655,30,33,merrick_kingston_matt_gabe_rory_durst_9_20_21_no_hacks.dem,0,64529,64607,blue
meeseeks,Pinkay,40864,40956,30,33,merrick_kingston_matt_gabe_rory_durst_9_20_21_no_hacks.dem,0,65000,65173,blue
meeseeks,Malia Obama,41114,41188,30,31,merrick_kingston_matt_gabe_rory_durst_9_20_21_no_hacks.dem,0,65468,65547,red
meeseeks,Tom,43765,43835,30,34,merrick_kingston_matt_gabe_rory_durst_9_20_21_no_hacks.dem,0,70476,70571,redBlue
meeseeks,Pinkay,43800,43863,30,33,merrick_kingston_matt_gabe_rory_durst_9_20_21_no_hacks.dem,0,70504,70614,blue
meeseeks,Tom,43849,43859,30,34,merrick_kingston_matt_gabe_rory_durst_9_20_21_no_hacks.dem,0,70596,70616,redBlue
meeseeks,Tom,43868,43896,30,34,merrick_kingston_matt_gabe_rory_durst_9_20_21_no_hacks.dem,0,70632,70685,redBlue
meeseeks,Pinkay,43872,43893,30,33,merrick_kingston_matt_gabe_rory_durst_9_20_21_no_hacks.dem,0,70640,70679,blue
meeseeks,Kcirrem,44122,44135,30,29,merrick_kingston_matt_gabe_rory_durst_9_20_21_no_hacks.dem,0,71108,71132,green
Kcirrem,Step Papi,6917,6988,29,32,merrick_kingston_matt_gabe_rory_durst_9_20_21_no_hacks.dem,0,1475,1607,blue
Kcirrem,meeseeks,6924,6965,29,30,merrick_kingston_matt_gabe_rory_durst_9_20_21_no_hacks.dem,0,1488,1565,green
Kcirrem,meeseeks,9387,9424,29,30,merrick_kingston_matt_gabe_rory_durst_9_20_21_no_hacks.dem,0,6105,6175,green
Kcirrem,meeseeks,9541,9568,29,30,merrick_kingston_matt_gabe_rory_durst_9_20_21_no_hacks.dem,0,6395,6445,green
Kcirrem,meeseeks,9578,9623,29,30,merrick_kingston_matt_gabe_rory_durst_9_20_21_no_hacks.dem,0,6464,6547,green
Kcirrem,meeseeks,10022,10097,29,30,merrick_kingston_matt_gabe_rory_durst_9_20_21_no_hacks.dem,0,7297,7436,green
Kcirrem,Step Papi,12186,12277,29,32,merrick_kingston_matt_gabe_rory_durst_9_20_21_no_hacks.dem,0,11354,11524,blue
Kcirrem,i_eat_short_people_for_breakfast,12225,12277,29,24,merrick_kingston_matt_gabe_rory_durst_9_20_21_no_hacks.dem,0,11427,11524,red
Kcirrem,meeseeks,14033,14042,29,30,merrick_kingston_matt_gabe_rory_durst_9_20_21_no_hacks.dem,0,14817,14834,green
Kcirrem,i_eat_short_people_for_breakfast,14046,14101,29,24,merrick_kingston_matt_gabe_rory_durst_9_20_21_no_hacks.dem,0,14842,14944,red
Kcirrem,meeseeks,14081,14088,29,30,merrick_kingston_matt_gabe_rory_durst_9_20_21_no_hacks.dem,0,14907,14920,green
Kcirrem,meeseeks,14109,14118,29,30,merrick_kingston_matt_gabe_rory_durst_9_20_21_no_hacks.dem,0,14959,14976,green
Kcirrem,meeseeks,14184,14235,29,30,merrick_kingston_matt_gabe_rory_durst_9_20_21_no_hacks.dem,0,15100,15195,green
Kcirrem,Step Papi,14301,14323,29,32,merrick_kingston_matt_gabe_rory_durst_9_20_21_no_hacks.dem,0,15320,15360,blue
Kcirrem,Step Papi,14338,14433,29,32,merrick_kingston_matt_gabe_rory_durst_9_20_21_no_hacks.dem,0,15389,15507,blue
Kcirrem,meeseeks,14736,14793,29,30,merrick_kingston_matt_gabe_rory_durst_9_20_21_no_hacks.dem,0,16134,16243,green
Kcirrem,meeseeks,14812,14984,29,30,merrick_kingston_matt_gabe_rory_durst_9_20_21_no_hacks.dem,0,16277,16314,green
Kcirrem,meeseeks,15295,15339,29,30,merrick_kingston_matt_gabe_rory_durst_9_20_21_no_hacks.dem,0,17184,17266,green
Kcirrem,meeseeks,16424,16446,29,30,merrick_kingston_matt_gabe_rory_durst_9_20_21_no_hacks.dem,0,19300,19341,green
Kcirrem,i_eat_short_people_for_breakfast,17920,17941,29,24,merrick_kingston_matt_gabe_rory_durst_9_20_21_no_hacks.dem,0,22104,22144,red
Kcirrem,i_eat_short_people_for_breakfast,21317,21344,29,24,merrick_kingston_matt_gabe_rory_durst_9_20_21_no_hacks.dem,0,28474,28525,red
Kcirrem,Step Papi,21322,21400,29,32,merrick_kingston_matt_gabe_rory_durst_9_20_21_no_hacks.dem,0,28483,28631,blue
Kcirrem,Step Papi,25263,25323,29,32,merrick_kingston_matt_gabe_rory_durst_9_20_21_no_hacks.dem,0,35873,35985,blue
Kcirrem,i_eat_short_people_for_breakfast,25263,25310,29,24,merrick_kingston_matt_gabe_rory_durst_9_20_21_no_hacks.dem,0,35873,35962,red
Kcirrem,meeseeks,25292,25313,29,30,merrick_kingston_matt_gabe_rory_durst_9_20_21_no_hacks.dem,0,35928,35966,green
Kcirrem,Step Papi,25350,25415,29,32,merrick_kingston_matt_gabe_rory_durst_9_20_21_no_hacks.dem,0,36036,36121,blue
Kcirrem,meeseeks,25353,25394,29,30,merrick_kingston_matt_gabe_rory_durst_9_20_21_no_hacks.dem,0,36042,36119,green
Kcirrem,i_eat_short_people_for_breakfast,25382,25415,29,24,merrick_kingston_matt_gabe_rory_durst_9_20_21_no_hacks.dem,0,36097,36158,red
Kcirrem,i_eat_short_people_for_breakfast,26815,26839,29,24,merrick_kingston_matt_gabe_rory_durst_9_20_21_no_hacks.dem,0,38783,38828,red
Kcirrem,i_eat_short_people_for_breakfast,27227,27246,29,24,merrick_kingston_matt_gabe_rory_durst_9_20_21_no_hacks.dem,0,39556,39592,red
Kcirrem,Step Papi,28254,28274,29,32,merrick_kingston_matt_gabe_rory_durst_9_20_21_no_hacks.dem,0,41482,41518,blue
Kcirrem,Step Papi,28300,28376,29,32,merrick_kingston_matt_gabe_rory_durst_9_20_21_no_hacks.dem,0,41567,41709,blue
Kcirrem,Step Papi,29897,29940,29,32,merrick_kingston_matt_gabe_rory_durst_9_20_21_no_hacks.dem,0,44561,44642,blue
Kcirrem,Step Papi,29967,29996,29,32,merrick_kingston_matt_gabe_rory_durst_9_20_21_no_hacks.dem,0,44693,44747,blue
Kcirrem,meeseeks,29983,30018,29,30,merrick_kingston_matt_gabe_rory_durst_9_20_21_no_hacks.dem,0,44722,44759,green
Kcirrem,meeseeks,30376,30415,29,30,merrick_kingston_matt_gabe_rory_durst_9_20_21_no_hacks.dem,0,45459,45533,green
Kcirrem,meeseeks,30435,30486,29,30,merrick_kingston_matt_gabe_rory_durst_9_20_21_no_hacks.dem,0,45570,45644,green
Kcirrem,Step Papi,32553,32654,29,32,merrick_kingston_matt_gabe_rory_durst_9_20_21_no_hacks.dem,0,49541,49731,blue
Kcirrem,i_eat_short_people_for_breakfast,32564,32654,29,24,merrick_kingston_matt_gabe_rory_durst_9_20_21_no_hacks.dem,0,49562,49731,red
Kcirrem,i_eat_short_people_for_breakfast,36488,36517,29,24,merrick_kingston_matt_gabe_rory_durst_9_20_21_no_hacks.dem,0,56920,56975,red
Kcirrem,i_eat_short_people_for_breakfast,38806,38828,29,24,merrick_kingston_matt_gabe_rory_durst_9_20_21_no_hacks.dem,0,61266,61296,red
Kcirrem,Step Papi,39112,39201,29,32,merrick_kingston_matt_gabe_rory_durst_9_20_21_no_hacks.dem,0,61839,61995,blue
Kcirrem,meeseeks,39923,39953,29,30,merrick_kingston_matt_gabe_rory_durst_9_20_21_no_hacks.dem,0,63361,63416,green
Kcirrem,meeseeks,40016,40027,29,30,merrick_kingston_matt_gabe_rory_durst_9_20_21_no_hacks.dem,0,63535,63556,green
Kcirrem,Step Papi,40926,41127,29,32,merrick_kingston_matt_gabe_rory_durst_9_20_21_no_hacks.dem,0,65242,65376,blue
Kcirrem,Step Papi,41150,41196,29,32,merrick_kingston_matt_gabe_rory_durst_9_20_21_no_hacks.dem,0,65661,65714,blue
Kcirrem,i_eat_short_people_for_breakfast,41480,41528,29,24,merrick_kingston_matt_gabe_rory_durst_9_20_21_no_hacks.dem,0,66280,66370,red
Kcirrem,Step Papi,43372,43381,29,32,merrick_kingston_matt_gabe_rory_durst_9_20_21_no_hacks.dem,0,69827,69845,blue
Kcirrem,i_eat_short_people_for_breakfast,43622,43652,29,24,merrick_kingston_matt_gabe_rory_durst_9_20_21_no_hacks.dem,0,70296,70352,red
Kcirrem,Step Papi,43704,43804,29,32,merrick_kingston_matt_gabe_rory_durst_9_20_21_no_hacks.dem,0,70450,70637,blue
Kcirrem,meeseeks,44121,44230,29,30,merrick_kingston_matt_gabe_rory_durst_9_20_21_no_hacks.dem,0,71232,71436,green
Pinkay,i_eat_short_people_for_breakfast,6975,7009,33,24,merrick_kingston_matt_gabe_rory_durst_9_20_21_no_hacks.dem,0,1592,1656,red
Pinkay,i_eat_short_people_for_breakfast,7067,7113,33,24,merrick_kingston_matt_gabe_rory_durst_9_20_21_no_hacks.dem,0,1765,1851,red
Pinkay,i_eat_short_people_for_breakfast,7135,7145,33,24,merrick_kingston_matt_gabe_rory_durst_9_20_21_no_hacks.dem,0,1893,1912,red
Pinkay,i_eat_short_people_for_breakfast,7151,7178,33,24,merrick_kingston_matt_gabe_rory_durst_9_20_21_no_hacks.dem,0,1923,1974,red
Pinkay,i_eat_short_people_for_breakfast,7214,7223,33,24,merrick_kingston_matt_gabe_rory_durst_9_20_21_no_hacks.dem,0,2041,2058,red
Pinkay,meeseeks,7233,7277,33,30,merrick_kingston_matt_gabe_rory_durst_9_20_21_no_hacks.dem,0,2076,2159,green
Pinkay,i_eat_short_people_for_breakfast,7246,7251,33,24,merrick_kingston_matt_gabe_rory_durst_9_20_21_no_hacks.dem,0,2100,2110,red
Pinkay,i_eat_short_people_for_breakfast,9316,9499,33,24,merrick_kingston_matt_gabe_rory_durst_9_20_21_no_hacks.dem,0,5982,6325,red
Pinkay,meeseeks,12340,12351,33,30,merrick_kingston_matt_gabe_rory_durst_9_20_21_no_hacks.dem,0,11652,11673,green
Pinkay,meeseeks,12406,12432,33,30,merrick_kingston_matt_gabe_rory_durst_9_20_21_no_hacks.dem,0,11776,11824,green
Pinkay,meeseeks,12447,12495,33,30,merrick_kingston_matt_gabe_rory_durst_9_20_21_no_hacks.dem,0,11853,11943,green
Pinkay,meeseeks,12505,12512,33,30,merrick_kingston_matt_gabe_rory_durst_9_20_21_no_hacks.dem,0,11962,11975,green
Pinkay,meeseeks,12552,12578,33,30,merrick_kingston_matt_gabe_rory_durst_9_20_21_no_hacks.dem,0,12050,12098,green
Pinkay,meeseeks,14080,14091,33,30,merrick_kingston_matt_gabe_rory_durst_9_20_21_no_hacks.dem,0,14914,14936,green
Pinkay,meeseeks,14190,14233,33,30,merrick_kingston_matt_gabe_rory_durst_9_20_21_no_hacks.dem,0,15121,15201,green
Pinkay,Step Papi,14274,14326,33,32,merrick_kingston_matt_gabe_rory_durst_9_20_21_no_hacks.dem,0,15279,15376,blue
Pinkay,meeseeks,14317,14402,33,30,merrick_kingston_matt_gabe_rory_durst_9_20_21_no_hacks.dem,0,15358,15518,green
Pinkay,meeseeks,14434,14467,33,30,merrick_kingston_matt_gabe_rory_durst_9_20_21_no_hacks.dem,0,15578,15625,green
Pinkay,meeseeks,14503,14521,33,30,merrick_kingston_matt_gabe_rory_durst_9_20_21_no_hacks.dem,0,15707,15742,green
Pinkay,meeseeks,14723,14944,33,30,merrick_kingston_matt_gabe_rory_durst_9_20_21_no_hacks.dem,0,16120,16293,green
Pinkay,meeseeks,14975,14995,33,30,merrick_kingston_matt_gabe_rory_durst_9_20_21_no_hacks.dem,0,16592,16631,green
Pinkay,i_eat_short_people_for_breakfast,16568,16656,33,24,merrick_kingston_matt_gabe_rory_durst_9_20_21_no_hacks.dem,0,19580,19745,red
Pinkay,Step Papi,16614,16665,33,32,merrick_kingston_matt_gabe_rory_durst_9_20_21_no_hacks.dem,0,19666,19761,blue
Pinkay,meeseeks,18460,18512,33,30,merrick_kingston_matt_gabe_rory_durst_9_20_21_no_hacks.dem,0,23127,23224,green
Pinkay,meeseeks,18690,18808,33,30,merrick_kingston_matt_gabe_rory_durst_9_20_21_no_hacks.dem,0,23559,23780,green
Pinkay,meeseeks,18895,18977,33,30,merrick_kingston_matt_gabe_rory_durst_9_20_21_no_hacks.dem,0,23943,24096,green
Pinkay,meeseeks,19278,19318,33,30,merrick_kingston_matt_gabe_rory_durst_9_20_21_no_hacks.dem,0,24660,24736,green
Pinkay,meeseeks,19438,19471,33,30,merrick_kingston_matt_gabe_rory_durst_9_20_21_no_hacks.dem,0,24960,25023,green
Pinkay,meeseeks,21690,21746,33,30,merrick_kingston_matt_gabe_rory_durst_9_20_21_no_hacks.dem,0,29183,29288,green
Pinkay,Step Papi,22486,22552,33,32,merrick_kingston_matt_gabe_rory_durst_9_20_21_no_hacks.dem,0,30675,30800,blue
Pinkay,Step Papi,25483,25557,33,32,merrick_kingston_matt_gabe_rory_durst_9_20_21_no_hacks.dem,0,36296,36434,blue
Pinkay,i_eat_short_people_for_breakfast,25682,25713,33,24,merrick_kingston_matt_gabe_rory_durst_9_20_21_no_hacks.dem,0,36668,36726,red
Pinkay,i_eat_short_people_for_breakfast,27142,27235,33,24,merrick_kingston_matt_gabe_rory_durst_9_20_21_no_hacks.dem,0,39405,39548,red
Pinkay,i_eat_short_people_for_breakfast,27872,27881,33,24,merrick_kingston_matt_gabe_rory_durst_9_20_21_no_hacks.dem,0,40775,40792,red
Pinkay,i_eat_short_people_for_breakfast,29921,29951,33,24,merrick_kingston_matt_gabe_rory_durst_9_20_21_no_hacks.dem,0,44617,44673,red
Pinkay,i_eat_short_people_for_breakfast,30045,30105,33,24,merrick_kingston_matt_gabe_rory_durst_9_20_21_no_hacks.dem,0,44849,44962,red
Pinkay,meeseeks,31504,31520,33,30,merrick_kingston_matt_gabe_rory_durst_9_20_21_no_hacks.dem,0,47585,47615,green
Pinkay,meeseeks,31559,31673,33,30,merrick_kingston_matt_gabe_rory_durst_9_20_21_no_hacks.dem,0,47687,47901,green
Pinkay,meeseeks,31689,31712,33,30,merrick_kingston_matt_gabe_rory_durst_9_20_21_no_hacks.dem,0,47932,47974,green
Pinkay,i_eat_short_people_for_breakfast,32855,32924,33,24,merrick_kingston_matt_gabe_rory_durst_9_20_21_no_hacks.dem,0,50118,50172,red
Pinkay,i_eat_short_people_for_breakfast,33126,33184,33,24,merrick_kingston_matt_gabe_rory_durst_9_20_21_no_hacks.dem,0,50627,50734,red
Pinkay,meeseeks,33139,33184,33,30,merrick_kingston_matt_gabe_rory_durst_9_20_21_no_hacks.dem,0,50651,50734,green
Pinkay,meeseeks,36268,36285,33,30,merrick_kingston_matt_gabe_rory_durst_9_20_21_no_hacks.dem,0,56517,56524,green
Pinkay,meeseeks,38278,38294,33,30,merrick_kingston_matt_gabe_rory_durst_9_20_21_no_hacks.dem,0,60286,60316,green
Pinkay,i_eat_short_people_for_breakfast,38561,38635,33,24,merrick_kingston_matt_gabe_rory_durst_9_20_21_no_hacks.dem,0,60816,60955,red
Pinkay,meeseeks,40615,40650,33,30,merrick_kingston_matt_gabe_rory_durst_9_20_21_no_hacks.dem,0,64668,64733,green
Pinkay,meeseeks,40865,40956,33,30,merrick_kingston_matt_gabe_rory_durst_9_20_21_no_hacks.dem,0,65136,65307,green
Pinkay,meeseeks,43802,43856,33,30,merrick_kingston_matt_gabe_rory_durst_9_20_21_no_hacks.dem,0,70643,70745,green
Pinkay,meeseeks,43873,43887,33,30,merrick_kingston_matt_gabe_rory_durst_9_20_21_no_hacks.dem,0,70777,70802,green
Step Papi,Kcirrem,6917,6985,32,29,merrick_kingston_matt_gabe_rory_durst_9_20_21_no_hacks.dem,0,1382,1510,green
Step Papi,Malia Obama,6931,6957,32,31,merrick_kingston_matt_gabe_rory_durst_9_20_21_no_hacks.dem,0,1409,1458,red
Step Papi,Kcirrem,7960,8086,32,29,merrick_kingston_matt_gabe_rory_durst_9_20_21_no_hacks.dem,0,3339,3574,green
Step Papi,Kcirrem,9210,9223,32,29,merrick_kingston_matt_gabe_rory_durst_9_20_21_no_hacks.dem,0,5681,5706,green
Step Papi,Kcirrem,9233,9263,32,29,merrick_kingston_matt_gabe_rory_durst_9_20_21_no_hacks.dem,0,5725,5781,green
Step Papi,Tom,11972,11984,32,34,merrick_kingston_matt_gabe_rory_durst_9_20_21_no_hacks.dem,0,10861,10883,redBlue
Step Papi,Tom,12004,12083,32,34,merrick_kingston_matt_gabe_rory_durst_9_20_21_no_hacks.dem,0,10920,11069,redBlue
Step Papi,Tom,12103,12211,32,34,merrick_kingston_matt_gabe_rory_durst_9_20_21_no_hacks.dem,0,11107,11309,redBlue
Step Papi,Kcirrem,12198,12273,32,29,merrick_kingston_matt_gabe_rory_durst_9_20_21_no_hacks.dem,0,11285,11426,green
Step Papi,Pinkay,14274,14332,32,33,merrick_kingston_matt_gabe_rory_durst_9_20_21_no_hacks.dem,0,15177,15287,blue
Step Papi,Kcirrem,14361,14435,32,29,merrick_kingston_matt_gabe_rory_durst_9_20_21_no_hacks.dem,0,15340,15420,green
Step Papi,Tom,14383,14412,32,34,merrick_kingston_matt_gabe_rory_durst_9_20_21_no_hacks.dem,0,15382,15437,redBlue
Step Papi,Tom,14426,14435,32,34,merrick_kingston_matt_gabe_rory_durst_9_20_21_no_hacks.dem,0,15463,15479,redBlue
Step Papi,Malia Obama,16475,16479,32,31,merrick_kingston_matt_gabe_rory_durst_9_20_21_no_hacks.dem,0,19304,19312,red
Step Papi,Malia Obama,16517,16542,32,31,merrick_kingston_matt_gabe_rory_durst_9_20_21_no_hacks.dem,0,19384,19430,red
Step Papi,Tom,16550,16570,32,34,merrick_kingston_matt_gabe_rory_durst_9_20_21_no_hacks.dem,0,19445,19482,redBlue
Step Papi,Pinkay,16611,16614,32,33,merrick_kingston_matt_gabe_rory_durst_9_20_21_no_hacks.dem,0,19558,19565,blue
Step Papi,Tom,16611,16642,32,34,merrick_kingston_matt_gabe_rory_durst_9_20_21_no_hacks.dem,0,19560,19617,redBlue
Step Papi,Pinkay,16619,16694,32,33,merrick_kingston_matt_gabe_rory_durst_9_20_21_no_hacks.dem,0,19575,19667,blue
Step Papi,Tom,18173,18231,32,34,merrick_kingston_matt_gabe_rory_durst_9_20_21_no_hacks.dem,0,22488,22598,redBlue
Step Papi,Pinkay,18258,18274,32,33,merrick_kingston_matt_gabe_rory_durst_9_20_21_no_hacks.dem,0,22648,22678,blue
Step Papi,Pinkay,18311,18315,32,33,merrick_kingston_matt_gabe_rory_durst_9_20_21_no_hacks.dem,0,22747,22754,blue
Step Papi,Kcirrem,21322,21400,32,29,merrick_kingston_matt_gabe_rory_durst_9_20_21_no_hacks.dem,0,28392,28538,green
Step Papi,Tom,22461,22552,32,34,merrick_kingston_matt_gabe_rory_durst_9_20_21_no_hacks.dem,0,30527,30698,redBlue
Step Papi,Pinkay,22483,22552,32,33,merrick_kingston_matt_gabe_rory_durst_9_20_21_no_hacks.dem,0,30569,30698,blue
Step Papi,Tom,25093,25126,32,34,merrick_kingston_matt_gabe_rory_durst_9_20_21_no_hacks.dem,0,35464,35524,redBlue
Step Papi,Tom,25141,25182,32,34,merrick_kingston_matt_gabe_rory_durst_9_20_21_no_hacks.dem,0,35553,35631,redBlue
Step Papi,Malia Obama,25145,25185,32,31,merrick_kingston_matt_gabe_rory_durst_9_20_21_no_hacks.dem,0,35561,35636,red
Step Papi,Malia Obama,25241,25283,32,31,merrick_kingston_matt_gabe_rory_durst_9_20_21_no_hacks.dem,0,35740,35819,red
Step Papi,Tom,25247,25303,32,34,merrick_kingston_matt_gabe_rory_durst_9_20_21_no_hacks.dem,0,35751,35857,redBlue
Step Papi,Kcirrem,25257,25318,32,29,merrick_kingston_matt_gabe_rory_durst_9_20_21_no_hacks.dem,0,35771,35885,green
Step Papi,Kcirrem,25351,25395,32,29,merrick_kingston_matt_gabe_rory_durst_9_20_21_no_hacks.dem,0,35946,36030,green
Step Papi,Kcirrem,25405,25415,32,29,merrick_kingston_matt_gabe_rory_durst_9_20_21_no_hacks.dem,0,36048,36055,green
Step Papi,Pinkay,25481,25557,32,33,merrick_kingston_matt_gabe_rory_durst_9_20_21_no_hacks.dem,0,36191,36333,blue
Step Papi,Tom,25481,25557,32,34,merrick_kingston_matt_gabe_rory_durst_9_20_21_no_hacks.dem,0,36190,36333,redBlue
Step Papi,Malia Obama,27496,27518,32,31,merrick_kingston_matt_gabe_rory_durst_9_20_21_no_hacks.dem,0,39969,40011,red
Step Papi,Kcirrem,28256,28281,32,29,merrick_kingston_matt_gabe_rory_durst_9_20_21_no_hacks.dem,0,41393,41440,green
Step Papi,Kcirrem,28296,28368,32,29,merrick_kingston_matt_gabe_rory_durst_9_20_21_no_hacks.dem,0,41469,41517,green
Step Papi,Kcirrem,29902,29949,32,29,merrick_kingston_matt_gabe_rory_durst_9_20_21_no_hacks.dem,0,44480,44567,green
Step Papi,Kcirrem,29962,29996,32,29,merrick_kingston_matt_gabe_rory_durst_9_20_21_no_hacks.dem,0,44592,44656,green
Step Papi,Kcirrem,32554,32656,32,29,merrick_kingston_matt_gabe_rory_durst_9_20_21_no_hacks.dem,0,49452,49643,green
Step Papi,Malia Obama,32648,32823,32,31,merrick_kingston_matt_gabe_rory_durst_9_20_21_no_hacks.dem,0,49629,49666,red
Step Papi,Tom,36369,36507,32,34,merrick_kingston_matt_gabe_rory_durst_9_20_21_no_hacks.dem,0,56606,56864,redBlue
Step Papi,Tom,38540,38660,32,34,merrick_kingston_matt_gabe_rory_durst_9_20_21_no_hacks.dem,0,60675,60698,redBlue
Step Papi,Kcirrem,38571,38576,32,29,merrick_kingston_matt_gabe_rory_durst_9_20_21_no_hacks.dem,0,60734,60743,green
Step Papi,Kcirrem,39116,39201,32,29,merrick_kingston_matt_gabe_rory_durst_9_20_21_no_hacks.dem,0,61756,61904,green
Step Papi,Malia Obama,39138,39201,32,31,merrick_kingston_matt_gabe_rory_durst_9_20_21_no_hacks.dem,0,61797,61904,red
Step Papi,Tom,40861,40899,32,34,merrick_kingston_matt_gabe_rory_durst_9_20_21_no_hacks.dem,0,65028,65099,redBlue
Step Papi,Kcirrem,40926,41121,32,29,merrick_kingston_matt_gabe_rory_durst_9_20_21_no_hacks.dem,0,65150,65515,green
Step Papi,Kcirrem,41152,41196,32,29,merrick_kingston_matt_gabe_rory_durst_9_20_21_no_hacks.dem,0,65574,65626,green
Step Papi,Kcirrem,43373,43377,32,29,merrick_kingston_matt_gabe_rory_durst_9_20_21_no_hacks.dem,0,69738,69746,green
Step Papi,Malia Obama,43373,43401,32,31,merrick_kingston_matt_gabe_rory_durst_9_20_21_no_hacks.dem,0,69738,69790,red
Step Papi,Kcirrem,43420,43425,32,29,merrick_kingston_matt_gabe_rory_durst_9_20_21_no_hacks.dem,0,69826,69835,green
Step Papi,Malia Obama,43474,43477,32,31,merrick_kingston_matt_gabe_rory_durst_9_20_21_no_hacks.dem,0,69928,69932,red
Step Papi,Malia Obama,43563,43586,32,31,merrick_kingston_matt_gabe_rory_durst_9_20_21_no_hacks.dem,0,70093,70138,red
i_eat_short_people_for_breakfast,Kcirrem,7039,7088,38,42,merrick_kingston_matt_gabe_rory_durst_9_20_21_wallhacks_2.dem,1,1555,1648,green
i_eat_short_people_for_breakfast,Kcirrem,7135,7154,38,42,merrick_kingston_matt_gabe_rory_durst_9_20_21_wallhacks_2.dem,1,1735,1771,green
i_eat_short_people_for_breakfast,Kcirrem,7188,7195,38,42,merrick_kingston_matt_gabe_rory_durst_9_20_21_wallhacks_2.dem,1,1836,1848,green
i_eat_short_people_for_breakfast,Kcirrem,7335,7388,38,42,merrick_kingston_matt_gabe_rory_durst_9_20_21_wallhacks_2.dem,1,2111,2210,green
i_eat_short_people_for_breakfast,Kcirrem,7404,7461,38,42,merrick_kingston_matt_gabe_rory_durst_9_20_21_wallhacks_2.dem,1,2240,2347,green
i_eat_short_people_for_breakfast,Kcirrem,9390,9430,38,42,merrick_kingston_matt_gabe_rory_durst_9_20_21_wallhacks_2.dem,1,5964,6038,green
i_eat_short_people_for_breakfast,Malia Obama,9917,9966,38,44,merrick_kingston_matt_gabe_rory_durst_9_20_21_wallhacks_2.dem,1,6954,7044,red
i_eat_short_people_for_breakfast,Malia Obama,11662,11714,38,44,merrick_kingston_matt_gabe_rory_durst_9_20_21_wallhacks_2.dem,1,10224,10321,red
i_eat_short_people_for_breakfast,Pinkay,11900,11946,38,46,merrick_kingston_matt_gabe_rory_durst_9_20_21_wallhacks_2.dem,1,10670,10758,blue
i_eat_short_people_for_breakfast,Kcirrem,11904,11929,38,42,merrick_kingston_matt_gabe_rory_durst_9_20_21_wallhacks_2.dem,1,10678,10726,green
i_eat_short_people_for_breakfast,Kcirrem,15300,15384,38,42,merrick_kingston_matt_gabe_rory_durst_9_20_21_wallhacks_2.dem,1,17046,17203,green
i_eat_short_people_for_breakfast,Pinkay,16477,16500,38,46,merrick_kingston_matt_gabe_rory_durst_9_20_21_wallhacks_2.dem,1,19252,19295,blue
i_eat_short_people_for_breakfast,Pinkay,19752,19767,38,46,merrick_kingston_matt_gabe_rory_durst_9_20_21_wallhacks_2.dem,1,25393,25420,blue
i_eat_short_people_for_breakfast,Kcirrem,19771,19804,38,42,merrick_kingston_matt_gabe_rory_durst_9_20_21_wallhacks_2.dem,1,25428,25490,green
i_eat_short_people_for_breakfast,Kcirrem,20242,20249,38,42,merrick_kingston_matt_gabe_rory_durst_9_20_21_wallhacks_2.dem,1,26311,26324,green
i_eat_short_people_for_breakfast,Malia Obama,20389,20395,38,44,merrick_kingston_matt_gabe_rory_durst_9_20_21_wallhacks_2.dem,1,26587,26598,red
i_eat_short_people_for_breakfast,Kcirrem,21293,21400,38,42,merrick_kingston_matt_gabe_rory_durst_9_20_21_wallhacks_2.dem,1,28281,28438,green
i_eat_short_people_for_breakfast,Malia Obama,21615,21630,38,44,merrick_kingston_matt_gabe_rory_durst_9_20_21_wallhacks_2.dem,1,28886,28913,red
i_eat_short_people_for_breakfast,Kcirrem,25502,25534,38,42,merrick_kingston_matt_gabe_rory_durst_9_20_21_wallhacks_2.dem,1,36173,36234,green
i_eat_short_people_for_breakfast,Kcirrem,25554,25602,38,42,merrick_kingston_matt_gabe_rory_durst_9_20_21_wallhacks_2.dem,1,36271,36361,green
i_eat_short_people_for_breakfast,Kcirrem,25649,25713,38,42,merrick_kingston_matt_gabe_rory_durst_9_20_21_wallhacks_2.dem,1,36450,36570,green
i_eat_short_people_for_breakfast,Kcirrem,25736,25763,38,42,merrick_kingston_matt_gabe_rory_durst_9_20_21_wallhacks_2.dem,1,36612,36663,green
i_eat_short_people_for_breakfast,Malia Obama,28805,28822,38,44,merrick_kingston_matt_gabe_rory_durst_9_20_21_wallhacks_2.dem,1,42366,42399,red
i_eat_short_people_for_breakfast,Pinkay,28809,28828,38,46,merrick_kingston_matt_gabe_rory_durst_9_20_21_wallhacks_2.dem,1,42374,42410,blue
i_eat_short_people_for_breakfast,Kcirrem,30471,30503,38,42,merrick_kingston_matt_gabe_rory_durst_9_20_21_wallhacks_2.dem,1,45490,45550,green
i_eat_short_people_for_breakfast,Malia Obama,30790,30835,38,44,merrick_kingston_matt_gabe_rory_durst_9_20_21_wallhacks_2.dem,1,46088,46173,red
i_eat_short_people_for_breakfast,Malia Obama,31195,31249,38,44,merrick_kingston_matt_gabe_rory_durst_9_20_21_wallhacks_2.dem,1,46848,46949,red
i_eat_short_people_for_breakfast,Malia Obama,31380,31409,38,44,merrick_kingston_matt_gabe_rory_durst_9_20_21_wallhacks_2.dem,1,47195,47249,red
i_eat_short_people_for_breakfast,Malia Obama,33964,34033,38,44,merrick_kingston_matt_gabe_rory_durst_9_20_21_wallhacks_2.dem,1,52039,52169,red
i_eat_short_people_for_breakfast,Malia Obama,34118,34167,38,44,merrick_kingston_matt_gabe_rory_durst_9_20_21_wallhacks_2.dem,1,52329,52421,red
i_eat_short_people_for_breakfast,Pinkay,34122,34163,38,46,merrick_kingston_matt_gabe_rory_durst_9_20_21_wallhacks_2.dem,1,52336,52414,blue
i_eat_short_people_for_breakfast,Malia Obama,34170,34175,38,44,merrick_kingston_matt_gabe_rory_durst_9_20_21_wallhacks_2.dem,1,52426,52435,red
i_eat_short_people_for_breakfast,Malia Obama,34458,34484,38,44,merrick_kingston_matt_gabe_rory_durst_9_20_21_wallhacks_2.dem,1,52966,53015,red
i_eat_short_people_for_breakfast,Pinkay,34600,34657,38,46,merrick_kingston_matt_gabe_rory_durst_9_20_21_wallhacks_2.dem,1,53233,53339,blue
i_eat_short_people_for_breakfast,Kcirrem,34757,34800,38,42,merrick_kingston_matt_gabe_rory_durst_9_20_21_wallhacks_2.dem,1,53528,53608,green
i_eat_short_people_for_breakfast,Kcirrem,34921,34974,38,42,merrick_kingston_matt_gabe_rory_durst_9_20_21_wallhacks_2.dem,1,53835,53934,green
i_eat_short_people_for_breakfast,Kcirrem,34984,35041,38,42,merrick_kingston_matt_gabe_rory_durst_9_20_21_wallhacks_2.dem,1,53953,54060,green
i_eat_short_people_for_breakfast,Kcirrem,35064,35174,38,42,merrick_kingston_matt_gabe_rory_durst_9_20_21_wallhacks_2.dem,1,54103,54111,green
i_eat_short_people_for_breakfast,Kcirrem,36932,36939,38,42,merrick_kingston_matt_gabe_rory_durst_9_20_21_wallhacks_2.dem,1,57604,57618,green
i_eat_short_people_for_breakfast,Pinkay,39743,39784,38,46,merrick_kingston_matt_gabe_rory_durst_9_20_21_wallhacks_2.dem,1,62876,62952,blue
i_eat_short_people_for_breakfast,Kcirrem,42029,42037,38,42,merrick_kingston_matt_gabe_rory_durst_9_20_21_wallhacks_2.dem,1,67161,67176,green
i_eat_short_people_for_breakfast,Kcirrem,42056,42480,38,42,merrick_kingston_matt_gabe_rory_durst_9_20_21_wallhacks_2.dem,1,67213,68007,green
i_eat_short_people_for_breakfast,Malia Obama,42292,42336,38,44,merrick_kingston_matt_gabe_rory_durst_9_20_21_wallhacks_2.dem,1,67656,67737,red
i_eat_short_people_for_breakfast,Malia Obama,42366,42455,38,44,merrick_kingston_matt_gabe_rory_durst_9_20_21_wallhacks_2.dem,1,67793,67960,red
Malia Obama,meeseeks,6917,6993,44,43,merrick_kingston_matt_gabe_rory_durst_9_20_21_wallhacks_2.dem,1,1352,1485,green
Malia Obama,i_eat_short_people_for_breakfast,9913,9966,44,38,merrick_kingston_matt_gabe_rory_durst_9_20_21_wallhacks_2.dem,1,6971,7069,red
Malia Obama,meeseeks,9926,9966,44,43,merrick_kingston_matt_gabe_rory_durst_9_20_21_wallhacks_2.dem,1,6994,7069,green
Malia Obama,Step Papi,9930,9940,44,45,merrick_kingston_matt_gabe_rory_durst_9_20_21_wallhacks_2.dem,1,7001,7020,blue
Malia Obama,i_eat_short_people_for_breakfast,11729,11758,44,38,merrick_kingston_matt_gabe_rory_durst_9_20_21_wallhacks_2.dem,1,10375,10430,red
Malia Obama,i_eat_short_people_for_breakfast,11861,11946,44,38,merrick_kingston_matt_gabe_rory_durst_9_20_21_wallhacks_2.dem,1,10622,10782,red
Malia Obama,Alfred,11889,11979,44,39,merrick_kingston_matt_gabe_rory_durst_9_20_21_wallhacks_2.dem,1,10675,10844,redBlue
Malia Obama,i_eat_short_people_for_breakfast,11978,11988,44,38,merrick_kingston_matt_gabe_rory_durst_9_20_21_wallhacks_2.dem,1,10842,10860,red
Malia Obama,Alfred,12054,12099,44,39,merrick_kingston_matt_gabe_rory_durst_9_20_21_wallhacks_2.dem,1,10984,11068,redBlue
Malia Obama,Alfred,12181,12188,44,39,merrick_kingston_matt_gabe_rory_durst_9_20_21_wallhacks_2.dem,1,11222,11236,redBlue
Malia Obama,Alfred,12196,12218,44,39,merrick_kingston_matt_gabe_rory_durst_9_20_21_wallhacks_2.dem,1,11250,11269,redBlue
Malia Obama,Alfred,12339,12364,44,39,merrick_kingston_matt_gabe_rory_durst_9_20_21_wallhacks_2.dem,1,11519,11566,redBlue
Malia Obama,Step Papi,12496,12502,44,45,merrick_kingston_matt_gabe_rory_durst_9_20_21_wallhacks_2.dem,1,11813,11824,blue
Malia Obama,Step Papi,12869,13862,44,45,merrick_kingston_matt_gabe_rory_durst_9_20_21_wallhacks_2.dem,1,12513,14375,blue
Malia Obama,Step Papi,14474,14539,44,45,merrick_kingston_matt_gabe_rory_durst_9_20_21_wallhacks_2.dem,1,15524,15644,blue
Malia Obama,Alfred,14792,14888,44,39,merrick_kingston_matt_gabe_rory_durst_9_20_21_wallhacks_2.dem,1,16118,16298,redBlue
Malia Obama,i_eat_short_people_for_breakfast,14858,14869,44,38,merrick_kingston_matt_gabe_rory_durst_9_20_21_wallhacks_2.dem,1,16241,16263,red
Malia Obama,i_eat_short_people_for_breakfast,14883,14886,44,38,merrick_kingston_matt_gabe_rory_durst_9_20_21_wallhacks_2.dem,1,16289,16294,red
Malia Obama,meeseeks,19383,19417,44,43,merrick_kingston_matt_gabe_rory_durst_9_20_21_wallhacks_2.dem,1,24727,24790,green
Malia Obama,i_eat_short_people_for_breakfast,20364,20395,44,38,merrick_kingston_matt_gabe_rory_durst_9_20_21_wallhacks_2.dem,1,26565,26624,red
Malia Obama,i_eat_short_people_for_breakfast,21617,21630,44,38,merrick_kingston_matt_gabe_rory_durst_9_20_21_wallhacks_2.dem,1,28914,28939,red
Malia Obama,Step Papi,21625,21683,44,45,merrick_kingston_matt_gabe_rory_durst_9_20_21_wallhacks_2.dem,1,28929,29038,blue
Malia Obama,Step Papi,21776,21800,44,45,merrick_kingston_matt_gabe_rory_durst_9_20_21_wallhacks_2.dem,1,29214,29258,blue
Malia Obama,meeseeks,21891,21926,44,43,merrick_kingston_matt_gabe_rory_durst_9_20_21_wallhacks_2.dem,1,29429,29495,green
Malia Obama,Alfred,25857,25873,44,39,merrick_kingston_matt_gabe_rory_durst_9_20_21_wallhacks_2.dem,1,36865,36895,redBlue
Malia Obama,meeseeks,25859,25873,44,43,merrick_kingston_matt_gabe_rory_durst_9_20_21_wallhacks_2.dem,1,36869,36895,green
Malia Obama,i_eat_short_people_for_breakfast,28884,29086,44,38,merrick_kingston_matt_gabe_rory_durst_9_20_21_wallhacks_2.dem,1,42540,42920,red
Malia Obama,i_eat_short_people_for_breakfast,29222,29666,44,38,merrick_kingston_matt_gabe_rory_durst_9_20_21_wallhacks_2.dem,1,43174,44007,red
Malia Obama,Alfred,29482,29599,44,39,merrick_kingston_matt_gabe_rory_durst_9_20_21_wallhacks_2.dem,1,43662,43881,redBlue
Malia Obama,i_eat_short_people_for_breakfast,29704,29758,44,38,merrick_kingston_matt_gabe_rory_durst_9_20_21_wallhacks_2.dem,1,44077,44179,red
Malia Obama,i_eat_short_people_for_breakfast,30795,30828,44,38,merrick_kingston_matt_gabe_rory_durst_9_20_21_wallhacks_2.dem,1,46123,46159,red
Malia Obama,i_eat_short_people_for_breakfast,31193,31239,44,38,merrick_kingston_matt_gabe_rory_durst_9_20_21_wallhacks_2.dem,1,46869,46898,red
Malia Obama,i_eat_short_people_for_breakfast,31382,31409,44,38,merrick_kingston_matt_gabe_rory_durst_9_20_21_wallhacks_2.dem,1,47225,47275,red
Malia Obama,meeseeks,31755,31803,44,43,merrick_kingston_matt_gabe_rory_durst_9_20_21_wallhacks_2.dem,1,47923,47981,green
Malia Obama,Step Papi,31970,31985,44,45,merrick_kingston_matt_gabe_rory_durst_9_20_21_wallhacks_2.dem,1,48326,48355,blue
Malia Obama,i_eat_short_people_for_breakfast,33962,34036,44,38,merrick_kingston_matt_gabe_rory_durst_9_20_21_wallhacks_2.dem,1,52062,52200,red
Malia Obama,i_eat_short_people_for_breakfast,34119,34176,44,38,merrick_kingston_matt_gabe_rory_durst_9_20_21_wallhacks_2.dem,1,52356,52463,red
Malia Obama,i_eat_short_people_for_breakfast,34459,34484,44,38,merrick_kingston_matt_gabe_rory_durst_9_20_21_wallhacks_2.dem,1,52994,53042,red
Malia Obama,meeseeks,34467,34484,44,43,merrick_kingston_matt_gabe_rory_durst_9_20_21_wallhacks_2.dem,1,53009,53042,green
Malia Obama,Alfred,36629,36679,44,39,merrick_kingston_matt_gabe_rory_durst_9_20_21_wallhacks_2.dem,1,57062,57156,redBlue
Malia Obama,meeseeks,37234,37267,44,43,merrick_kingston_matt_gabe_rory_durst_9_20_21_wallhacks_2.dem,1,58196,58224,green
Malia Obama,meeseeks,39227,39265,44,43,merrick_kingston_matt_gabe_rory_durst_9_20_21_wallhacks_2.dem,1,61934,62004,green
Malia Obama,i_eat_short_people_for_breakfast,42371,42392,44,38,merrick_kingston_matt_gabe_rory_durst_9_20_21_wallhacks_2.dem,1,67828,67868,red
Malia Obama,i_eat_short_people_for_breakfast,42441,42452,44,38,merrick_kingston_matt_gabe_rory_durst_9_20_21_wallhacks_2.dem,1,67960,67980,red
Malia Obama,meeseeks,42449,42495,44,43,merrick_kingston_matt_gabe_rory_durst_9_20_21_wallhacks_2.dem,1,67974,68062,green
Malia Obama,meeseeks,42539,42614,44,43,merrick_kingston_matt_gabe_rory_durst_9_20_21_wallhacks_2.dem,1,68144,68285,green
Malia Obama,meeseeks,42673,42686,44,43,merrick_kingston_matt_gabe_rory_durst_9_20_21_wallhacks_2.dem,1,68395,68419,green
meeseeks,Pinkay,6917,7098,43,46,merrick_kingston_matt_gabe_rory_durst_9_20_21_wallhacks_2.dem,1,1173,1305,blue
meeseeks,Malia Obama,6919,7097,43,44,merrick_kingston_matt_gabe_rory_durst_9_20_21_wallhacks_2.dem,1,1177,1306,red
meeseeks,Pinkay,7194,7233,43,46,merrick_kingston_matt_gabe_rory_durst_9_20_21_wallhacks_2.dem,1,1692,1766,blue
meeseeks,Kcirrem,9395,9430,43,42,merrick_kingston_matt_gabe_rory_durst_9_20_21_wallhacks_2.dem,1,5818,5885,green
meeseeks,Malia Obama,9927,9966,43,44,merrick_kingston_matt_gabe_rory_durst_9_20_21_wallhacks_2.dem,1,6816,6890,red
meeseeks,Kcirrem,11604,11680,43,42,merrick_kingston_matt_gabe_rory_durst_9_20_21_wallhacks_2.dem,1,9962,10104,green
meeseeks,Kcirrem,11739,11759,43,42,merrick_kingston_matt_gabe_rory_durst_9_20_21_wallhacks_2.dem,1,10214,10251,green
meeseeks,Kcirrem,11764,11772,43,42,merrick_kingston_matt_gabe_rory_durst_9_20_21_wallhacks_2.dem,1,10261,10276,green
meeseeks,Kcirrem,11848,11895,43,42,merrick_kingston_matt_gabe_rory_durst_9_20_21_wallhacks_2.dem,1,10418,10508,green
meeseeks,Kcirrem,11939,11970,43,42,merrick_kingston_matt_gabe_rory_durst_9_20_21_wallhacks_2.dem,1,10589,10647,green
meeseeks,Kcirrem,15130,15140,43,42,merrick_kingston_matt_gabe_rory_durst_9_20_21_wallhacks_2.dem,1,16572,16591,green
meeseeks,Kcirrem,15158,15218,43,42,merrick_kingston_matt_gabe_rory_durst_9_20_21_wallhacks_2.dem,1,16624,16738,green
meeseeks,Kcirrem,17377,17394,43,42,merrick_kingston_matt_gabe_rory_durst_9_20_21_wallhacks_2.dem,1,20789,20817,green
meeseeks,Kcirrem,17591,17678,43,42,merrick_kingston_matt_gabe_rory_durst_9_20_21_wallhacks_2.dem,1,21186,21209,green
meeseeks,Kcirrem,17786,17811,43,42,merrick_kingston_matt_gabe_rory_durst_9_20_21_wallhacks_2.dem,1,21553,21600,green
meeseeks,Kcirrem,17860,17900,43,42,merrick_kingston_matt_gabe_rory_durst_9_20_21_wallhacks_2.dem,1,21691,21766,green
meeseeks,Kcirrem,17993,18000,43,42,merrick_kingston_matt_gabe_rory_durst_9_20_21_wallhacks_2.dem,1,21941,21953,green
meeseeks,Kcirrem,18068,18136,43,42,merrick_kingston_matt_gabe_rory_durst_9_20_21_wallhacks_2.dem,1,22081,22211,green
meeseeks,Pinkay,18153,18169,43,46,merrick_kingston_matt_gabe_rory_durst_9_20_21_wallhacks_2.dem,1,22241,22271,blue
meeseeks,Malia Obama,18173,18226,43,44,merrick_kingston_matt_gabe_rory_durst_9_20_21_wallhacks_2.dem,1,22279,22330,red
meeseeks,Malia Obama,19183,19202,43,44,merrick_kingston_matt_gabe_rory_durst_9_20_21_wallhacks_2.dem,1,24172,24207,red
meeseeks,Malia Obama,19380,19417,43,44,merrick_kingston_matt_gabe_rory_durst_9_20_21_wallhacks_2.dem,1,24543,24611,red
meeseeks,Kcirrem,26171,26230,43,42,merrick_kingston_matt_gabe_rory_durst_9_20_21_wallhacks_2.dem,1,37274,37292,green
meeseeks,Pinkay,26264,26287,43,46,merrick_kingston_matt_gabe_rory_durst_9_20_21_wallhacks_2.dem,1,37448,37491,blue
meeseeks,Pinkay,26858,26930,43,46,merrick_kingston_matt_gabe_rory_durst_9_20_21_wallhacks_2.dem,1,38562,38591,blue
meeseeks,Kcirrem,28707,28716,43,42,merrick_kingston_matt_gabe_rory_durst_9_20_21_wallhacks_2.dem,1,42030,42046,green
meeseeks,Kcirrem,31086,31154,43,42,merrick_kingston_matt_gabe_rory_durst_9_20_21_wallhacks_2.dem,1,46492,46590,green
meeseeks,Malia Obama,31756,31799,43,44,merrick_kingston_matt_gabe_rory_durst_9_20_21_wallhacks_2.dem,1,47747,47791,red
meeseeks,Malia Obama,34471,34484,43,44,merrick_kingston_matt_gabe_rory_durst_9_20_21_wallhacks_2.dem,1,52836,52861,red
meeseeks,Pinkay,34719,34745,43,46,merrick_kingston_matt_gabe_rory_durst_9_20_21_wallhacks_2.dem,1,53302,53351,blue
meeseeks,Kcirrem,35123,35132,43,42,merrick_kingston_matt_gabe_rory_durst_9_20_21_wallhacks_2.dem,1,54060,54075,green
meeseeks,Pinkay,35157,35166,43,46,merrick_kingston_matt_gabe_rory_durst_9_20_21_wallhacks_2.dem,1,54123,54141,blue
meeseeks,Pinkay,37019,37055,43,46,merrick_kingston_matt_gabe_rory_durst_9_20_21_wallhacks_2.dem,1,57614,57681,blue
meeseeks,Pinkay,37109,37139,43,46,merrick_kingston_matt_gabe_rory_durst_9_20_21_wallhacks_2.dem,1,57783,57812,blue
meeseeks,Pinkay,37151,37172,43,46,merrick_kingston_matt_gabe_rory_durst_9_20_21_wallhacks_2.dem,1,57862,57901,blue
meeseeks,Malia Obama,37236,37266,43,44,merrick_kingston_matt_gabe_rory_durst_9_20_21_wallhacks_2.dem,1,58022,58031,red
meeseeks,Malia Obama,39229,39260,43,44,merrick_kingston_matt_gabe_rory_durst_9_20_21_wallhacks_2.dem,1,61758,61816,red
meeseeks,Pinkay,39232,39284,43,46,merrick_kingston_matt_gabe_rory_durst_9_20_21_wallhacks_2.dem,1,61765,61862,blue
meeseeks,Kcirrem,42302,42313,43,42,merrick_kingston_matt_gabe_rory_durst_9_20_21_wallhacks_2.dem,1,67519,67540,green
meeseeks,Malia Obama,42443,42492,43,44,merrick_kingston_matt_gabe_rory_durst_9_20_21_wallhacks_2.dem,1,67784,67876,red
meeseeks,Malia Obama,42538,42615,43,44,merrick_kingston_matt_gabe_rory_durst_9_20_21_wallhacks_2.dem,1,67962,68107,red
meeseeks,Malia Obama,42678,42743,43,44,merrick_kingston_matt_gabe_rory_durst_9_20_21_wallhacks_2.dem,1,68225,68346,red
Kcirrem,Step Papi,7040,7088,42,45,merrick_kingston_matt_gabe_rory_durst_9_20_21_wallhacks_2.dem,1,1521,1611,blue
Kcirrem,i_eat_short_people_for_breakfast,7042,7082,42,38,merrick_kingston_matt_gabe_rory_durst_9_20_21_wallhacks_2.dem,1,1525,1601,red
Kcirrem,Step Papi,7132,7158,42,45,merrick_kingston_matt_gabe_rory_durst_9_20_21_wallhacks_2.dem,1,1694,1742,blue
Kcirrem,Step Papi,7173,7196,42,45,merrick_kingston_matt_gabe_rory_durst_9_20_21_wallhacks_2.dem,1,1770,1813,blue
Kcirrem,Step Papi,7301,7309,42,45,merrick_kingston_matt_gabe_rory_durst_9_20_21_wallhacks_2.dem,1,2010,2026,blue
Kcirrem,Step Papi,7323,7328,42,45,merrick_kingston_matt_gabe_rory_durst_9_20_21_wallhacks_2.dem,1,2052,2062,blue
Kcirrem,i_eat_short_people_for_breakfast,7338,7383,42,38,merrick_kingston_matt_gabe_rory_durst_9_20_21_wallhacks_2.dem,1,2081,2164,red
Kcirrem,i_eat_short_people_for_breakfast,7419,7461,42,38,merrick_kingston_matt_gabe_rory_durst_9_20_21_wallhacks_2.dem,1,2232,2310,red
Kcirrem,Step Papi,7520,7534,42,45,merrick_kingston_matt_gabe_rory_durst_9_20_21_wallhacks_2.dem,1,2422,2448,blue
Kcirrem,Step Papi,7596,7612,42,45,merrick_kingston_matt_gabe_rory_durst_9_20_21_wallhacks_2.dem,1,2564,2594,blue
Kcirrem,Step Papi,7662,7711,42,45,merrick_kingston_matt_gabe_rory_durst_9_20_21_wallhacks_2.dem,1,2687,2780,blue
Kcirrem,Step Papi,7752,7809,42,45,merrick_kingston_matt_gabe_rory_durst_9_20_21_wallhacks_2.dem,1,2857,2963,blue
Kcirrem,Alfred,8216,8301,42,39,merrick_kingston_matt_gabe_rory_durst_9_20_21_wallhacks_2.dem,1,3726,3886,redBlue
Kcirrem,i_eat_short_people_for_breakfast,9391,9430,42,38,merrick_kingston_matt_gabe_rory_durst_9_20_21_wallhacks_2.dem,1,5929,6003,red
Kcirrem,meeseeks,9397,9430,42,43,merrick_kingston_matt_gabe_rory_durst_9_20_21_wallhacks_2.dem,1,5940,6003,green
Kcirrem,meeseeks,11606,11672,42,43,merrick_kingston_matt_gabe_rory_durst_9_20_21_wallhacks_2.dem,1,10082,10142,green
Kcirrem,Alfred,11610,11668,42,39,merrick_kingston_matt_gabe_rory_durst_9_20_21_wallhacks_2.dem,1,10089,10142,redBlue
Kcirrem,meeseeks,11741,11766,42,43,merrick_kingston_matt_gabe_rory_durst_9_20_21_wallhacks_2.dem,1,10336,10360,green
Kcirrem,Alfred,11749,11762,42,39,merrick_kingston_matt_gabe_rory_durst_9_20_21_wallhacks_2.dem,1,10350,10360,redBlue
Kcirrem,meeseeks,11856,11885,42,43,merrick_kingston_matt_gabe_rory_durst_9_20_21_wallhacks_2.dem,1,10551,10566,green
Kcirrem,meeseeks,11951,11970,42,43,merrick_kingston_matt_gabe_rory_durst_9_20_21_wallhacks_2.dem,1,10729,10765,green
Kcirrem,Alfred,12052,12098,42,39,merrick_kingston_matt_gabe_rory_durst_9_20_21_wallhacks_2.dem,1,10918,10962,redBlue
Kcirrem,Alfred,12179,12188,42,39,merrick_kingston_matt_gabe_rory_durst_9_20_21_wallhacks_2.dem,1,11158,11174,redBlue
Kcirrem,meeseeks,15127,15218,42,43,merrick_kingston_matt_gabe_rory_durst_9_20_21_wallhacks_2.dem,1,16685,16855,green
Kcirrem,i_eat_short_people_for_breakfast,15297,15388,42,38,merrick_kingston_matt_gabe_rory_durst_9_20_21_wallhacks_2.dem,1,17004,17174,red
Kcirrem,Step Papi,17374,17394,42,45,merrick_kingston_matt_gabe_rory_durst_9_20_21_wallhacks_2.dem,1,20898,20935,blue
Kcirrem,Step Papi,17510,17538,42,45,merrick_kingston_matt_gabe_rory_durst_9_20_21_wallhacks_2.dem,1,21153,21206,blue
Kcirrem,Step Papi,17584,17605,42,45,merrick_kingston_matt_gabe_rory_durst_9_20_21_wallhacks_2.dem,1,21291,21331,blue
Kcirrem,Step Papi,17653,17664,42,45,merrick_kingston_matt_gabe_rory_durst_9_20_21_wallhacks_2.dem,1,21421,21441,blue
Kcirrem,Step Papi,17673,17677,42,45,merrick_kingston_matt_gabe_rory_durst_9_20_21_wallhacks_2.dem,1,21457,21465,blue
Kcirrem,Step Papi,17786,17811,42,45,merrick_kingston_matt_gabe_rory_durst_9_20_21_wallhacks_2.dem,1,21670,21716,blue
Kcirrem,Step Papi,17863,17897,42,45,merrick_kingston_matt_gabe_rory_durst_9_20_21_wallhacks_2.dem,1,21814,21878,blue
Kcirrem,Step Papi,17993,18006,42,45,merrick_kingston_matt_gabe_rory_durst_9_20_21_wallhacks_2.dem,1,22058,22082,blue
Kcirrem,Step Papi,18063,18136,42,45,merrick_kingston_matt_gabe_rory_durst_9_20_21_wallhacks_2.dem,1,22190,22326,blue
Kcirrem,Step Papi,19009,19024,42,45,merrick_kingston_matt_gabe_rory_durst_9_20_21_wallhacks_2.dem,1,23963,23990,blue
Kcirrem,Step Papi,19034,19062,42,45,merrick_kingston_matt_gabe_rory_durst_9_20_21_wallhacks_2.dem,1,24010,24062,blue
Kcirrem,Step Papi,19074,19102,42,45,merrick_kingston_matt_gabe_rory_durst_9_20_21_wallhacks_2.dem,1,24085,24138,blue
Kcirrem,Step Papi,19125,19153,42,45,merrick_kingston_matt_gabe_rory_durst_9_20_21_wallhacks_2.dem,1,24180,24233,blue
Kcirrem,i_eat_short_people_for_breakfast,19777,19814,42,38,merrick_kingston_matt_gabe_rory_durst_9_20_21_wallhacks_2.dem,1,25403,25472,red
Kcirrem,i_eat_short_people_for_breakfast,20234,20250,42,38,merrick_kingston_matt_gabe_rory_durst_9_20_21_wallhacks_2.dem,1,26260,26289,red
Kcirrem,i_eat_short_people_for_breakfast,21370,21398,42,38,merrick_kingston_matt_gabe_rory_durst_9_20_21_wallhacks_2.dem,1,28390,28443,red
Kcirrem,i_eat_short_people_for_breakfast,25497,25526,42,38,merrick_kingston_matt_gabe_rory_durst_9_20_21_wallhacks_2.dem,1,36129,36183,red
Kcirrem,i_eat_short_people_for_breakfast,25559,25595,42,38,merrick_kingston_matt_gabe_rory_durst_9_20_21_wallhacks_2.dem,1,36244,36312,red
Kcirrem,i_eat_short_people_for_breakfast,25659,25763,42,38,merrick_kingston_matt_gabe_rory_durst_9_20_21_wallhacks_2.dem,1,36433,36627,red
Kcirrem,meeseeks,26170,26185,42,43,merrick_kingston_matt_gabe_rory_durst_9_20_21_wallhacks_2.dem,1,37391,37419,green
Kcirrem,meeseeks,26212,26229,42,43,merrick_kingston_matt_gabe_rory_durst_9_20_21_wallhacks_2.dem,1,37468,37501,green
Kcirrem,i_eat_short_people_for_breakfast,28899,28983,42,38,merrick_kingston_matt_gabe_rory_durst_9_20_21_wallhacks_2.dem,1,42507,42665,red
Kcirrem,i_eat_short_people_for_breakfast,29221,29667,42,38,merrick_kingston_matt_gabe_rory_durst_9_20_21_wallhacks_2.dem,1,43111,43946,red
Kcirrem,Alfred,29482,29599,42,39,merrick_kingston_matt_gabe_rory_durst_9_20_21_wallhacks_2.dem,1,43600,43819,redBlue
Kcirrem,i_eat_short_people_for_breakfast,29702,29757,42,38,merrick_kingston_matt_gabe_rory_durst_9_20_21_wallhacks_2.dem,1,44013,44116,red
Kcirrem,i_eat_short_people_for_breakfast,30472,30490,42,38,merrick_kingston_matt_gabe_rory_durst_9_20_21_wallhacks_2.dem,1,45457,45490,red
Kcirrem,meeseeks,31135,31145,42,43,merrick_kingston_matt_gabe_rory_durst_9_20_21_wallhacks_2.dem,1,46700,46719,green
Kcirrem,Alfred,34599,34646,42,39,merrick_kingston_matt_gabe_rory_durst_9_20_21_wallhacks_2.dem,1,53195,53283,redBlue
Kcirrem,i_eat_short_people_for_breakfast,34921,34968,42,38,merrick_kingston_matt_gabe_rory_durst_9_20_21_wallhacks_2.dem,1,53799,53886,red
Kcirrem,i_eat_short_people_for_breakfast,34988,35008,42,38,merrick_kingston_matt_gabe_rory_durst_9_20_21_wallhacks_2.dem,1,53923,53961,red
Kcirrem,i_eat_short_people_for_breakfast,35015,35038,42,38,merrick_kingston_matt_gabe_rory_durst_9_20_21_wallhacks_2.dem,1,53974,54017,red
Kcirrem,i_eat_short_people_for_breakfast,35065,35104,42,38,merrick_kingston_matt_gabe_rory_durst_9_20_21_wallhacks_2.dem,1,54068,54075,red
Kcirrem,i_eat_short_people_for_breakfast,36837,36881,42,38,merrick_kingston_matt_gabe_rory_durst_9_20_21_wallhacks_2.dem,1,57391,57473,red
Kcirrem,i_eat_short_people_for_breakfast,36895,36901,42,38,merrick_kingston_matt_gabe_rory_durst_9_20_21_wallhacks_2.dem,1,57499,57511,red
Kcirrem,i_eat_short_people_for_breakfast,36908,36939,42,38,merrick_kingston_matt_gabe_rory_durst_9_20_21_wallhacks_2.dem,1,57524,57582,red
Kcirrem,Step Papi,37142,37166,42,45,merrick_kingston_matt_gabe_rory_durst_9_20_21_wallhacks_2.dem,1,57963,58007,blue
Kcirrem,Step Papi,37609,37688,42,45,merrick_kingston_matt_gabe_rory_durst_9_20_21_wallhacks_2.dem,1,58837,58850,blue
Kcirrem,Step Papi,37705,37790,42,45,merrick_kingston_matt_gabe_rory_durst_9_20_21_wallhacks_2.dem,1,59018,59178,blue
Kcirrem,Step Papi,37854,37873,42,45,merrick_kingston_matt_gabe_rory_durst_9_20_21_wallhacks_2.dem,1,59297,59333,blue
Kcirrem,Step Papi,39009,39020,42,45,merrick_kingston_matt_gabe_rory_durst_9_20_21_wallhacks_2.dem,1,61463,61483,blue
Kcirrem,Step Papi,39091,39094,42,45,merrick_kingston_matt_gabe_rory_durst_9_20_21_wallhacks_2.dem,1,61618,61622,blue
Kcirrem,Alfred,42109,42134,42,39,merrick_kingston_matt_gabe_rory_durst_9_20_21_wallhacks_2.dem,1,67276,67323,redBlue
Kcirrem,Alfred,42143,42293,42,39,merrick_kingston_matt_gabe_rory_durst_9_20_21_wallhacks_2.dem,1,67340,67388,redBlue
Kcirrem,i_eat_short_people_for_breakfast,42436,42479,42,38,merrick_kingston_matt_gabe_rory_durst_9_20_21_wallhacks_2.dem,1,67888,67969,red
Kcirrem,meeseeks,42476,42490,42,43,merrick_kingston_matt_gabe_rory_durst_9_20_21_wallhacks_2.dem,1,67964,67990,green
Kcirrem,meeseeks,42575,42614,42,43,merrick_kingston_matt_gabe_rory_durst_9_20_21_wallhacks_2.dem,1,68149,68223,green
Kcirrem,meeseeks,42634,42673,42,43,merrick_kingston_matt_gabe_rory_durst_9_20_21_wallhacks_2.dem,1,68260,68333,green
Kcirrem,meeseeks,42718,42739,42,43,merrick_kingston_matt_gabe_rory_durst_9_20_21_wallhacks_2.dem,1,68418,68459,green
Pinkay,meeseeks,6919,7031,46,43,merrick_kingston_matt_gabe_rory_durst_9_20_21_wallhacks_2.dem,1,1138,1349,green
Pinkay,meeseeks,7196,7233,46,43,merrick_kingston_matt_gabe_rory_durst_9_20_21_wallhacks_2.dem,1,1658,1727,green
Pinkay,Step Papi,7620,7654,46,45,merrick_kingston_matt_gabe_rory_durst_9_20_21_wallhacks_2.dem,1,2452,2517,blue
Pinkay,Step Papi,7702,7707,46,45,merrick_kingston_matt_gabe_rory_durst_9_20_21_wallhacks_2.dem,1,2607,2615,blue
Pinkay,Step Papi,7746,7751,46,45,merrick_kingston_matt_gabe_rory_durst_9_20_21_wallhacks_2.dem,1,2688,2698,blue
Pinkay,Step Papi,7784,7809,46,45,merrick_kingston_matt_gabe_rory_durst_9_20_21_wallhacks_2.dem,1,2760,2807,blue
Pinkay,Alfred,7930,8115,46,39,merrick_kingston_matt_gabe_rory_durst_9_20_21_wallhacks_2.dem,1,3034,3380,redBlue
Pinkay,Alfred,8224,8245,46,39,merrick_kingston_matt_gabe_rory_durst_9_20_21_wallhacks_2.dem,1,3586,3625,redBlue
Pinkay,Alfred,8260,8268,46,39,merrick_kingston_matt_gabe_rory_durst_9_20_21_wallhacks_2.dem,1,3652,3667,redBlue
Pinkay,Alfred,8280,8301,46,39,merrick_kingston_matt_gabe_rory_durst_9_20_21_wallhacks_2.dem,1,3691,3730,redBlue
Pinkay,Step Papi,9707,9726,46,45,merrick_kingston_matt_gabe_rory_durst_9_20_21_wallhacks_2.dem,1,6366,6402,blue
Pinkay,i_eat_short_people_for_breakfast,11908,11946,46,38,merrick_kingston_matt_gabe_rory_durst_9_20_21_wallhacks_2.dem,1,10492,10564,red
Pinkay,Alfred,12039,12065,46,39,merrick_kingston_matt_gabe_rory_durst_9_20_21_wallhacks_2.dem,1,10739,10787,redBlue
Pinkay,Alfred,12337,12364,46,39,merrick_kingston_matt_gabe_rory_durst_9_20_21_wallhacks_2.dem,1,11297,11347,redBlue
Pinkay,i_eat_short_people_for_breakfast,15159,15222,46,38,merrick_kingston_matt_gabe_rory_durst_9_20_21_wallhacks_2.dem,1,16588,16658,red
Pinkay,i_eat_short_people_for_breakfast,16479,16496,46,38,merrick_kingston_matt_gabe_rory_durst_9_20_21_wallhacks_2.dem,1,19064,19095,red
Pinkay,meeseeks,16523,17917,46,43,merrick_kingston_matt_gabe_rory_durst_9_20_21_wallhacks_2.dem,1,19146,21759,green
Pinkay,Step Papi,17918,17972,46,45,merrick_kingston_matt_gabe_rory_durst_9_20_21_wallhacks_2.dem,1,21761,21862,blue
Pinkay,Step Papi,17993,18014,46,45,merrick_kingston_matt_gabe_rory_durst_9_20_21_wallhacks_2.dem,1,21902,21942,blue
Pinkay,Step Papi,18051,18136,46,45,merrick_kingston_matt_gabe_rory_durst_9_20_21_wallhacks_2.dem,1,22010,22170,blue
Pinkay,i_eat_short_people_for_breakfast,19755,19767,46,38,merrick_kingston_matt_gabe_rory_durst_9_20_21_wallhacks_2.dem,1,25206,25228,red
Pinkay,Step Papi,21752,21779,46,45,merrick_kingston_matt_gabe_rory_durst_9_20_21_wallhacks_2.dem,1,28951,29001,blue
Pinkay,meeseeks,26263,26293,46,43,merrick_kingston_matt_gabe_rory_durst_9_20_21_wallhacks_2.dem,1,37408,37464,green
Pinkay,meeseeks,26862,26883,46,43,merrick_kingston_matt_gabe_rory_durst_9_20_21_wallhacks_2.dem,1,38531,38571,green
Pinkay,meeseeks,26916,26925,46,43,merrick_kingston_matt_gabe_rory_durst_9_20_21_wallhacks_2.dem,1,38633,38649,green
Pinkay,Step Papi,28772,28828,46,45,merrick_kingston_matt_gabe_rory_durst_9_20_21_wallhacks_2.dem,1,42113,42217,blue
Pinkay,Alfred,30714,30887,46,39,merrick_kingston_matt_gabe_rory_durst_9_20_21_wallhacks_2.dem,1,45753,46041,redBlue
Pinkay,meeseeks,31462,31466,46,43,merrick_kingston_matt_gabe_rory_durst_9_20_21_wallhacks_2.dem,1,47157,47164,green
Pinkay,Step Papi,31720,31734,46,45,merrick_kingston_matt_gabe_rory_durst_9_20_21_wallhacks_2.dem,1,47640,47667,blue
Pinkay,Step Papi,31746,31793,46,45,merrick_kingston_matt_gabe_rory_durst_9_20_21_wallhacks_2.dem,1,47688,47777,blue
Pinkay,Step Papi,32049,32082,46,45,merrick_kingston_matt_gabe_rory_durst_9_20_21_wallhacks_2.dem,1,48257,48319,blue
Pinkay,i_eat_short_people_for_breakfast,34125,34172,46,38,merrick_kingston_matt_gabe_rory_durst_9_20_21_wallhacks_2.dem,1,52149,52237,red
Pinkay,i_eat_short_people_for_breakfast,34497,34503,46,38,merrick_kingston_matt_gabe_rory_durst_9_20_21_wallhacks_2.dem,1,52847,52859,red
Pinkay,i_eat_short_people_for_breakfast,34602,34634,46,38,merrick_kingston_matt_gabe_rory_durst_9_20_21_wallhacks_2.dem,1,53043,53067,red
Pinkay,Step Papi,35144,35166,46,45,merrick_kingston_matt_gabe_rory_durst_9_20_21_wallhacks_2.dem,1,54061,54101,blue
Pinkay,meeseeks,37129,37143,46,43,merrick_kingston_matt_gabe_rory_durst_9_20_21_wallhacks_2.dem,1,57781,57808,green
Pinkay,meeseeks,37156,37241,46,43,merrick_kingston_matt_gabe_rory_durst_9_20_21_wallhacks_2.dem,1,57833,57856,green
Pinkay,meeseeks,39234,39284,46,43,merrick_kingston_matt_gabe_rory_durst_9_20_21_wallhacks_2.dem,1,61729,61823,green
Pinkay,Step Papi,39599,39618,46,45,merrick_kingston_matt_gabe_rory_durst_9_20_21_wallhacks_2.dem,1,62413,62448,blue
Pinkay,Step Papi,39664,39680,46,45,merrick_kingston_matt_gabe_rory_durst_9_20_21_wallhacks_2.dem,1,62535,62565,blue
Pinkay,i_eat_short_people_for_breakfast,39748,39784,46,38,merrick_kingston_matt_gabe_rory_durst_9_20_21_wallhacks_2.dem,1,62693,62760,red
Pinkay,Step Papi,39825,39878,46,45,merrick_kingston_matt_gabe_rory_durst_9_20_21_wallhacks_2.dem,1,62837,62903,blue
Pinkay,i_eat_short_people_for_breakfast,42013,42023,46,38,merrick_kingston_matt_gabe_rory_durst_9_20_21_wallhacks_2.dem,1,66940,66958,red
Pinkay,i_eat_short_people_for_breakfast,42052,42066,46,38,merrick_kingston_matt_gabe_rory_durst_9_20_21_wallhacks_2.dem,1,67012,67039,red
Pinkay,Alfred,42113,42138,46,39,merrick_kingston_matt_gabe_rory_durst_9_20_21_wallhacks_2.dem,1,67127,67173,redBlue
Pinkay,Alfred,42147,42293,46,39,merrick_kingston_matt_gabe_rory_durst_9_20_21_wallhacks_2.dem,1,67191,67232,redBlue
Pinkay,i_eat_short_people_for_breakfast,42438,42479,46,38,merrick_kingston_matt_gabe_rory_durst_9_20_21_wallhacks_2.dem,1,67736,67813,red
Pinkay,meeseeks,42480,42491,46,43,merrick_kingston_matt_gabe_rory_durst_9_20_21_wallhacks_2.dem,1,67816,67837,green
Pinkay,i_eat_short_people_for_breakfast,42568,42579,46,38,merrick_kingston_matt_gabe_rory_durst_9_20_21_wallhacks_2.dem,1,67980,68000,red
Pinkay,meeseeks,42579,42619,46,43,merrick_kingston_matt_gabe_rory_durst_9_20_21_wallhacks_2.dem,1,68000,68076,green
Pinkay,meeseeks,42637,42675,46,43,merrick_kingston_matt_gabe_rory_durst_9_20_21_wallhacks_2.dem,1,68111,68181,green
Pinkay,i_eat_short_people_for_breakfast,42680,42690,46,38,merrick_kingston_matt_gabe_rory_durst_9_20_21_wallhacks_2.dem,1,68190,68196,red
Pinkay,meeseeks,42720,42739,46,43,merrick_kingston_matt_gabe_rory_durst_9_20_21_wallhacks_2.dem,1,68265,68303,green
Step Papi,Kcirrem,7039,7094,45,42,merrick_kingston_matt_gabe_rory_durst_9_20_21_wallhacks_2.dem,1,1207,1310,green
Step Papi,Kcirrem,7130,7212,45,42,merrick_kingston_matt_gabe_rory_durst_9_20_21_wallhacks_2.dem,1,1378,1531,green
Step Papi,Kcirrem,7250,7263,45,42,merrick_kingston_matt_gabe_rory_durst_9_20_21_wallhacks_2.dem,1,1603,1628,green
Step Papi,Kcirrem,7303,7311,45,42,merrick_kingston_matt_gabe_rory_durst_9_20_21_wallhacks_2.dem,1,1701,1717,green
Step Papi,Kcirrem,7324,7332,45,42,merrick_kingston_matt_gabe_rory_durst_9_20_21_wallhacks_2.dem,1,1741,1756,green
Step Papi,Kcirrem,7528,7535,45,42,merrick_kingston_matt_gabe_rory_durst_9_20_21_wallhacks_2.dem,1,2124,2137,green
Step Papi,Kcirrem,7586,7619,45,42,merrick_kingston_matt_gabe_rory_durst_9_20_21_wallhacks_2.dem,1,2232,2294,green
Step Papi,Pinkay,7623,7651,45,46,merrick_kingston_matt_gabe_rory_durst_9_20_21_wallhacks_2.dem,1,2301,2354,blue
Step Papi,Kcirrem,7661,7716,45,42,merrick_kingston_matt_gabe_rory_durst_9_20_21_wallhacks_2.dem,1,2374,2477,green
Step Papi,Pinkay,7744,7752,45,46,merrick_kingston_matt_gabe_rory_durst_9_20_21_wallhacks_2.dem,1,2529,2543,blue
Step Papi,Kcirrem,7752,7809,45,42,merrick_kingston_matt_gabe_rory_durst_9_20_21_wallhacks_2.dem,1,2543,2651,green
Step Papi,Pinkay,7778,7809,45,46,merrick_kingston_matt_gabe_rory_durst_9_20_21_wallhacks_2.dem,1,2592,2651,blue
Step Papi,Kcirrem,9175,9187,45,42,merrick_kingston_matt_gabe_rory_durst_9_20_21_wallhacks_2.dem,1,5211,5234,green
Step Papi,Malia Obama,9566,9575,45,44,merrick_kingston_matt_gabe_rory_durst_9_20_21_wallhacks_2.dem,1,5946,5961,red
Step Papi,Pinkay,9704,9724,45,46,merrick_kingston_matt_gabe_rory_durst_9_20_21_wallhacks_2.dem,1,6204,6241,blue
Step Papi,Malia Obama,9787,9808,45,44,merrick_kingston_matt_gabe_rory_durst_9_20_21_wallhacks_2.dem,1,6360,6399,red
Step Papi,Malia Obama,9925,9940,45,44,merrick_kingston_matt_gabe_rory_durst_9_20_21_wallhacks_2.dem,1,6618,6646,red
Step Papi,Malia Obama,14800,14888,45,44,merrick_kingston_matt_gabe_rory_durst_9_20_21_wallhacks_2.dem,1,15759,15925,red
Step Papi,Pinkay,14804,14920,45,46,merrick_kingston_matt_gabe_rory_durst_9_20_21_wallhacks_2.dem,1,15767,15984,blue
Step Papi,Malia Obama,14893,14910,45,44,merrick_kingston_matt_gabe_rory_durst_9_20_21_wallhacks_2.dem,1,15933,15967,red
Step Papi,Malia Obama,14917,14920,45,44,merrick_kingston_matt_gabe_rory_durst_9_20_21_wallhacks_2.dem,1,15978,15984,red
Step Papi,Pinkay,14987,15654,45,46,merrick_kingston_matt_gabe_rory_durst_9_20_21_wallhacks_2.dem,1,16109,16154,blue
Step Papi,Kcirrem,15132,15141,45,42,merrick_kingston_matt_gabe_rory_durst_9_20_21_wallhacks_2.dem,1,16381,16399,green
Step Papi,Kcirrem,15159,15218,45,42,merrick_kingston_matt_gabe_rory_durst_9_20_21_wallhacks_2.dem,1,16432,16543,green
Step Papi,Kcirrem,15233,15250,45,42,merrick_kingston_matt_gabe_rory_durst_9_20_21_wallhacks_2.dem,1,16573,16603,green
Step Papi,Kcirrem,15302,15384,45,42,merrick_kingston_matt_gabe_rory_durst_9_20_21_wallhacks_2.dem,1,16700,16843,green
Step Papi,Kcirrem,17376,17394,45,42,merrick_kingston_matt_gabe_rory_durst_9_20_21_wallhacks_2.dem,1,20590,20622,green
Step Papi,Kcirrem,17587,17604,45,42,merrick_kingston_matt_gabe_rory_durst_9_20_21_wallhacks_2.dem,1,20984,21017,green
Step Papi,Kcirrem,17656,17681,45,42,merrick_kingston_matt_gabe_rory_durst_9_20_21_wallhacks_2.dem,1,21113,21160,green
Step Papi,Kcirrem,17786,17902,45,42,merrick_kingston_matt_gabe_rory_durst_9_20_21_wallhacks_2.dem,1,21357,21398,green
Step Papi,Kcirrem,17994,17999,45,42,merrick_kingston_matt_gabe_rory_durst_9_20_21_wallhacks_2.dem,1,21747,21757,green
Step Papi,Kcirrem,18067,18136,45,42,merrick_kingston_matt_gabe_rory_durst_9_20_21_wallhacks_2.dem,1,21884,22014,green
Step Papi,Kcirrem,19145,19153,45,42,merrick_kingston_matt_gabe_rory_durst_9_20_21_wallhacks_2.dem,1,23906,23921,green
Step Papi,Malia Obama,21627,21782,45,44,merrick_kingston_matt_gabe_rory_durst_9_20_21_wallhacks_2.dem,1,28559,28851,red
Step Papi,Pinkay,21750,21777,45,46,merrick_kingston_matt_gabe_rory_durst_9_20_21_wallhacks_2.dem,1,28790,28841,blue
Step Papi,Pinkay,31800,31808,45,46,merrick_kingston_matt_gabe_rory_durst_9_20_21_wallhacks_2.dem,1,47633,47648,blue
Step Papi,Pinkay,31828,31856,45,46,merrick_kingston_matt_gabe_rory_durst_9_20_21_wallhacks_2.dem,1,47687,47740,blue
Step Papi,Malia Obama,31979,31985,45,44,merrick_kingston_matt_gabe_rory_durst_9_20_21_wallhacks_2.dem,1,47969,47980,red
Step Papi,Pinkay,32049,32081,45,46,merrick_kingston_matt_gabe_rory_durst_9_20_21_wallhacks_2.dem,1,48101,48160,blue
Step Papi,Pinkay,35115,35120,45,46,merrick_kingston_matt_gabe_rory_durst_9_20_21_wallhacks_2.dem,1,53849,53860,blue
Step Papi,Pinkay,35143,35166,45,46,merrick_kingston_matt_gabe_rory_durst_9_20_21_wallhacks_2.dem,1,53904,53947,blue
Step Papi,Kcirrem,37146,37168,45,42,merrick_kingston_matt_gabe_rory_durst_9_20_21_wallhacks_2.dem,1,57657,57698,green
Step Papi,Kcirrem,37610,37682,45,42,merrick_kingston_matt_gabe_rory_durst_9_20_21_wallhacks_2.dem,1,58527,58540,green
Step Papi,Kcirrem,37860,37875,45,42,merrick_kingston_matt_gabe_rory_durst_9_20_21_wallhacks_2.dem,1,58997,59025,green
Step Papi,Pinkay,39589,39610,45,46,merrick_kingston_matt_gabe_rory_durst_9_20_21_wallhacks_2.dem,1,62239,62278,blue
Step Papi,Pinkay,39665,39686,45,46,merrick_kingston_matt_gabe_rory_durst_9_20_21_wallhacks_2.dem,1,62380,62421,blue
Step Papi,Pinkay,39812,39862,45,46,merrick_kingston_matt_gabe_rory_durst_9_20_21_wallhacks_2.dem,1,62656,62750,blue
Step Papi,Pinkay,39867,39880,45,46,merrick_kingston_matt_gabe_rory_durst_9_20_21_wallhacks_2.dem,1,62761,62773,blue
Step Papi,Kcirrem,41936,41964,45,42,merrick_kingston_matt_gabe_rory_durst_9_20_21_wallhacks_2.dem,1,66639,66691,green
